file,line,type,commit,author,date,time,timezone,datetime,depth,length
style.css,1,css,2db03471,Jazely Tong,2026-04-09,22:44:28,-07:00,2026-04-09T22:44:28-07:00,0,5
style.css,2,css,2db03471,Jazely Tong,2026-04-09,22:44:28,-07:00,2026-04-09T22:44:28-07:00,1,31
style.css,3,css,2db03471,Jazely Tong,2026-04-09,22:44:28,-07:00,2026-04-09T22:44:28-07:00,0,0
style.css,4,css,2db03471,Jazely Tong,2026-04-09,22:44:28,-07:00,2026-04-09T22:44:28-07:00,0,0
style.css,5,css,0938b5dc,Jazely Tong,2026-04-17,12:56:16,-07:00,2026-04-17T12:56:16-07:00,0,36
style.css,6,css,0938b5dc,Jazely Tong,2026-04-17,12:56:16,-07:00,2026-04-17T12:56:16-07:00,0,4
style.css,7,css,0938b5dc,Jazely Tong,2026-04-17,12:56:16,-07:00,2026-04-17T12:56:16-07:00,1,23
style.css,8,css,0938b5dc,Jazely Tong,2026-04-17,12:56:16,-07:00,2026-04-17T12:56:16-07:00,0,0
style.css,9,css,0938b5dc,Jazely Tong,2026-04-17,12:56:16,-07:00,2026-04-17T12:56:16-07:00,0,0
style.css,10,css,bdf82b3e,Jazely Tong,2026-04-03,10:43:35,-07:00,2026-04-03T10:43:35-07:00,0,4
style.css,11,css,bdf82b3e,Jazely Tong,2026-04-03,10:43:35,-07:00,2026-04-03T10:43:35-07:00,1,23
style.css,12,css,62dd8eb4,Jazely Tong,2026-04-09,22:06:40,-07:00,2026-04-09T22:06:40-07:00,1,15
style.css,13,css,62dd8eb4,Jazely Tong,2026-04-09,22:06:40,-07:00,2026-04-09T22:06:40-07:00,1,18
style.css,14,css,62dd8eb4,Jazely Tong,2026-04-09,22:06:40,-07:00,2026-04-09T22:06:40-07:00,1,11
style.css,15,css,2db03471,Jazely Tong,2026-04-09,22:44:28,-07:00,2026-04-09T22:44:28-07:00,1,32
style.css,16,css,62dd8eb4,Jazely Tong,2026-04-09,22:06:40,-07:00,2026-04-09T22:06:40-07:00,0,0
style.css,17,css,62dd8eb4,Jazely Tong,2026-04-09,22:06:40,-07:00,2026-04-09T22:06:40-07:00,0,0
style.css,18,css,0938b5dc,Jazely Tong,2026-04-17,12:56:16,-07:00,2026-04-17T12:56:16-07:00,0,7
style.css,19,css,62dd8eb4,Jazely Tong,2026-04-09,22:06:40,-07:00,2026-04-09T22:06:40-07:00,0,3
style.css,20,css,0938b5dc,Jazely Tong,2026-04-17,12:56:16,-07:00,2026-04-17T12:56:16-07:00,1,39
style.css,21,css,62dd8eb4,Jazely Tong,2026-04-09,22:06:40,-07:00,2026-04-09T22:06:40-07:00,1,12
style.css,22,css,2db03471,Jazely Tong,2026-04-09,22:44:28,-07:00,2026-04-09T22:44:28-07:00,1,17
style.css,23,css,0938b5dc,Jazely Tong,2026-04-17,12:56:16,-07:00,2026-04-17T12:56:16-07:00,1,43
style.css,24,css,62dd8eb4,Jazely Tong,2026-04-09,22:06:40,-07:00,2026-04-09T22:06:40-07:00,0,0
style.css,25,css,62dd8eb4,Jazely Tong,2026-04-09,22:06:40,-07:00,2026-04-09T22:06:40-07:00,0,0
style.css,26,css,62dd8eb4,Jazely Tong,2026-04-09,22:06:40,-07:00,2026-04-09T22:06:40-07:00,0,5
style.css,27,css,62dd8eb4,Jazely Tong,2026-04-09,22:06:40,-07:00,2026-04-09T22:06:40-07:00,1,6
style.css,28,css,2db03471,Jazely Tong,2026-04-09,22:44:28,-07:00,2026-04-09T22:44:28-07:00,1,20
style.css,29,css,2db03471,Jazely Tong,2026-04-09,22:44:28,-07:00,2026-04-09T22:44:28-07:00,1,13
style.css,30,css,2db03471,Jazely Tong,2026-04-09,22:44:28,-07:00,2026-04-09T22:44:28-07:00,1,17
style.css,31,css,2db03471,Jazely Tong,2026-04-09,22:44:28,-07:00,2026-04-09T22:44:28-07:00,1,13
style.css,32,css,2db03471,Jazely Tong,2026-04-09,22:44:28,-07:00,2026-04-09T22:44:28-07:00,0,0
style.css,33,css,2db03471,Jazely Tong,2026-04-09,22:44:28,-07:00,2026-04-09T22:44:28-07:00,0,0
style.css,34,css,2db03471,Jazely Tong,2026-04-09,22:44:28,-07:00,2026-04-09T22:44:28-07:00,0,13
style.css,35,css,0938b5dc,Jazely Tong,2026-04-17,12:56:16,-07:00,2026-04-17T12:56:16-07:00,1,45
style.css,36,css,2db03471,Jazely Tong,2026-04-09,22:44:28,-07:00,2026-04-09T22:44:28-07:00,1,20
style.css,37,css,2db03471,Jazely Tong,2026-04-09,22:44:28,-07:00,2026-04-09T22:44:28-07:00,0,0
style.css,38,css,2db03471,Jazely Tong,2026-04-09,22:44:28,-07:00,2026-04-09T22:44:28-07:00,0,0
style.css,39,css,2db03471,Jazely Tong,2026-04-09,22:44:28,-07:00,2026-04-09T22:44:28-07:00,0,11
style.css,40,css,2db03471,Jazely Tong,2026-04-09,22:44:28,-07:00,2026-04-09T22:44:28-07:00,1,45
style.css,41,css,0938b5dc,Jazely Tong,2026-04-17,12:56:16,-07:00,2026-04-17T12:56:16-07:00,1,69
style.css,42,css,2db03471,Jazely Tong,2026-04-09,22:44:28,-07:00,2026-04-09T22:44:28-07:00,0,0
style.css,43,css,2db03471,Jazely Tong,2026-04-09,22:44:28,-07:00,2026-04-09T22:44:28-07:00,0,0
style.css,44,css,0938b5dc,Jazely Tong,2026-04-17,12:56:16,-07:00,2026-04-17T12:56:16-07:00,0,8
style.css,45,css,2db03471,Jazely Tong,2026-04-09,22:44:28,-07:00,2026-04-09T22:44:28-07:00,0,4
style.css,46,css,2db03471,Jazely Tong,2026-04-09,22:44:28,-07:00,2026-04-09T22:44:28-07:00,1,12
style.css,47,css,2db03471,Jazely Tong,2026-04-09,22:44:28,-07:00,2026-04-09T22:44:28-07:00,1,30
style.css,48,css,2db03471,Jazely Tong,2026-04-09,22:44:28,-07:00,2026-04-09T22:44:28-07:00,1,7
style.css,49,css,2db03471,Jazely Tong,2026-04-09,22:44:28,-07:00,2026-04-09T22:44:28-07:00,0,0
style.css,50,css,2db03471,Jazely Tong,2026-04-09,22:44:28,-07:00,2026-04-09T22:44:28-07:00,0,0
style.css,51,css,2db03471,Jazely Tong,2026-04-09,22:44:28,-07:00,2026-04-09T22:44:28-07:00,0,10
style.css,52,css,2db03471,Jazely Tong,2026-04-09,22:44:28,-07:00,2026-04-09T22:44:28-07:00,1,12
style.css,53,css,2db03471,Jazely Tong,2026-04-09,22:44:28,-07:00,2026-04-09T22:44:28-07:00,1,29
style.css,54,css,2db03471,Jazely Tong,2026-04-09,22:44:28,-07:00,2026-04-09T22:44:28-07:00,1,18
style.css,55,css,2db03471,Jazely Tong,2026-04-09,22:44:28,-07:00,2026-04-09T22:44:28-07:00,0,0
style.css,56,css,2db03471,Jazely Tong,2026-04-09,22:44:28,-07:00,2026-04-09T22:44:28-07:00,0,0
style.css,57,css,2db03471,Jazely Tong,2026-04-09,22:44:28,-07:00,2026-04-09T22:44:28-07:00,0,11
style.css,58,css,2db03471,Jazely Tong,2026-04-09,22:44:28,-07:00,2026-04-09T22:44:28-07:00,1,18
style.css,59,css,bdf82b3e,Jazely Tong,2026-04-03,10:43:35,-07:00,2026-04-03T10:43:35-07:00,0,0
style.css,60,css,2db03471,Jazely Tong,2026-04-09,22:44:28,-07:00,2026-04-09T22:44:28-07:00,0,0
style.css,61,css,2db03471,Jazely Tong,2026-04-09,22:44:28,-07:00,2026-04-09T22:44:28-07:00,0,4
style.css,62,css,2db03471,Jazely Tong,2026-04-09,22:44:28,-07:00,2026-04-09T22:44:28-07:00,0,7
style.css,63,css,0938b5dc,Jazely Tong,2026-04-17,12:56:16,-07:00,2026-04-17T12:56:16-07:00,0,5
style.css,64,css,0938b5dc,Jazely Tong,2026-04-17,12:56:16,-07:00,2026-04-17T12:56:16-07:00,0,6
style.css,65,css,2db03471,Jazely Tong,2026-04-09,22:44:28,-07:00,2026-04-09T22:44:28-07:00,1,12
style.css,66,css,2db03471,Jazely Tong,2026-04-09,22:44:28,-07:00,2026-04-09T22:44:28-07:00,0,0
style.css,67,css,2db03471,Jazely Tong,2026-04-09,22:44:28,-07:00,2026-04-09T22:44:28-07:00,0,0
style.css,68,css,0938b5dc,Jazely Tong,2026-04-17,12:56:16,-07:00,2026-04-17T12:56:16-07:00,0,17
style.css,69,css,2db03471,Jazely Tong,2026-04-09,22:44:28,-07:00,2026-04-09T22:44:28-07:00,0,9
style.css,70,css,2db03471,Jazely Tong,2026-04-09,22:44:28,-07:00,2026-04-09T22:44:28-07:00,1,12
style.css,71,css,2db03471,Jazely Tong,2026-04-09,22:44:28,-07:00,2026-04-09T22:44:28-07:00,1,58
style.css,72,css,2db03471,Jazely Tong,2026-04-09,22:44:28,-07:00,2026-04-09T22:44:28-07:00,1,7
style.css,73,css,2db03471,Jazely Tong,2026-04-09,22:44:28,-07:00,2026-04-09T22:44:28-07:00,0,0
style.css,74,css,2db03471,Jazely Tong,2026-04-09,22:44:28,-07:00,2026-04-09T22:44:28-07:00,0,0
style.css,75,css,2db03471,Jazely Tong,2026-04-09,22:44:28,-07:00,2026-04-09T22:44:28-07:00,0,17
style.css,76,css,2db03471,Jazely Tong,2026-04-09,22:44:28,-07:00,2026-04-09T22:44:28-07:00,1,12
style.css,77,css,2db03471,Jazely Tong,2026-04-09,22:44:28,-07:00,2026-04-09T22:44:28-07:00,1,26
style.css,78,css,2db03471,Jazely Tong,2026-04-09,22:44:28,-07:00,2026-04-09T22:44:28-07:00,1,15
style.css,79,css,2db03471,Jazely Tong,2026-04-09,22:44:28,-07:00,2026-04-09T22:44:28-07:00,0,0
style.css,80,css,2db03471,Jazely Tong,2026-04-09,22:44:28,-07:00,2026-04-09T22:44:28-07:00,0,0
style.css,81,css,2db03471,Jazely Tong,2026-04-09,22:44:28,-07:00,2026-04-09T22:44:28-07:00,0,12
style.css,82,css,2db03471,Jazely Tong,2026-04-09,22:44:28,-07:00,2026-04-09T22:44:28-07:00,1,8
style.css,83,css,2db03471,Jazely Tong,2026-04-09,22:44:28,-07:00,2026-04-09T22:44:28-07:00,0,0
style.css,84,css,2db03471,Jazely Tong,2026-04-09,22:44:28,-07:00,2026-04-09T22:44:28-07:00,0,0
style.css,85,css,0938b5dc,Jazely Tong,2026-04-17,12:56:16,-07:00,2026-04-17T12:56:16-07:00,0,14
style.css,86,css,2db03471,Jazely Tong,2026-04-09,22:44:28,-07:00,2026-04-09T22:44:28-07:00,0,2
style.css,87,css,2db03471,Jazely Tong,2026-04-09,22:44:28,-07:00,2026-04-09T22:44:28-07:00,1,14
style.css,88,css,2db03471,Jazely Tong,2026-04-09,22:44:28,-07:00,2026-04-09T22:44:28-07:00,0,0
style.css,89,css,2db03471,Jazely Tong,2026-04-09,22:44:28,-07:00,2026-04-09T22:44:28-07:00,0,0
style.css,90,css,2db03471,Jazely Tong,2026-04-09,22:44:28,-07:00,2026-04-09T22:44:28-07:00,0,22
style.css,91,css,2db03471,Jazely Tong,2026-04-09,22:44:28,-07:00,2026-04-09T22:44:28-07:00,1,15
style.css,92,css,2db03471,Jazely Tong,2026-04-09,22:44:28,-07:00,2026-04-09T22:44:28-07:00,1,17
style.css,93,css,b999db7c,Jazely Tong,2026-04-09,22:50:36,-07:00,2026-04-09T22:50:36-07:00,0,0
style.css,94,css,b999db7c,Jazely Tong,2026-04-09,22:50:36,-07:00,2026-04-09T22:50:36-07:00,0,0
style.css,95,css,0938b5dc,Jazely Tong,2026-04-17,12:56:16,-07:00,2026-04-17T12:56:16-07:00,0,12
style.css,96,css,b999db7c,Jazely Tong,2026-04-09,22:50:36,-07:00,2026-04-09T22:50:36-07:00,0,7
style.css,97,css,b999db7c,Jazely Tong,2026-04-09,22:50:36,-07:00,2026-04-09T22:50:36-07:00,1,16
style.css,98,css,b999db7c,Jazely Tong,2026-04-09,22:50:36,-07:00,2026-04-09T22:50:36-07:00,0,0
style.css,99,css,b999db7c,Jazely Tong,2026-04-09,22:50:36,-07:00,2026-04-09T22:50:36-07:00,0,0
style.css,100,css,b999db7c,Jazely Tong,2026-04-09,22:50:36,-07:00,2026-04-09T22:50:36-07:00,0,10
style.css,101,css,b999db7c,Jazely Tong,2026-04-09,22:50:36,-07:00,2026-04-09T22:50:36-07:00,1,25
style.css,102,css,b999db7c,Jazely Tong,2026-04-09,22:50:36,-07:00,2026-04-09T22:50:36-07:00,1,19
style.css,103,css,b999db7c,Jazely Tong,2026-04-09,22:50:36,-07:00,2026-04-09T22:50:36-07:00,0,0
style.css,104,css,b999db7c,Jazely Tong,2026-04-09,22:50:36,-07:00,2026-04-09T22:50:36-07:00,0,0
style.css,105,css,b999db7c,Jazely Tong,2026-04-09,22:50:36,-07:00,2026-04-09T22:50:36-07:00,0,15
style.css,106,css,b999db7c,Jazely Tong,2026-04-09,22:50:36,-07:00,2026-04-09T22:50:36-07:00,1,18
style.css,107,css,b999db7c,Jazely Tong,2026-04-09,22:50:36,-07:00,2026-04-09T22:50:36-07:00,1,18
style.css,108,css,b999db7c,Jazely Tong,2026-04-09,22:50:36,-07:00,2026-04-09T22:50:36-07:00,1,41
style.css,109,css,b999db7c,Jazely Tong,2026-04-09,22:50:36,-07:00,2026-04-09T22:50:36-07:00,0,0
style.css,110,css,b999db7c,Jazely Tong,2026-04-09,22:50:36,-07:00,2026-04-09T22:50:36-07:00,0,0
style.css,111,css,b999db7c,Jazely Tong,2026-04-09,22:50:36,-07:00,2026-04-09T22:50:36-07:00,0,10
style.css,112,css,b999db7c,Jazely Tong,2026-04-09,22:50:36,-07:00,2026-04-09T22:50:36-07:00,1,19
style.css,113,css,b999db7c,Jazely Tong,2026-04-09,22:50:36,-07:00,2026-04-09T22:50:36-07:00,0,0
style.css,114,css,b999db7c,Jazely Tong,2026-04-09,22:50:36,-07:00,2026-04-09T22:50:36-07:00,0,0
style.css,115,css,b999db7c,Jazely Tong,2026-04-09,22:50:36,-07:00,2026-04-09T22:50:36-07:00,0,16
style.css,116,css,b999db7c,Jazely Tong,2026-04-09,22:50:36,-07:00,2026-04-09T22:50:36-07:00,1,14
style.css,117,css,a6db008d,Jazely Tong,2026-04-17,13:05:04,-07:00,2026-04-17T13:05:04-07:00,1,13
style.css,118,css,b999db7c,Jazely Tong,2026-04-09,22:50:36,-07:00,2026-04-09T22:50:36-07:00,0,0
style.css,119,css,b999db7c,Jazely Tong,2026-04-09,22:50:36,-07:00,2026-04-09T22:50:36-07:00,0,0
style.css,120,css,b999db7c,Jazely Tong,2026-04-09,22:50:36,-07:00,2026-04-09T22:50:36-07:00,0,4
style.css,121,css,a6db008d,Jazely Tong,2026-04-17,13:05:04,-07:00,2026-04-17T13:05:04-07:00,1,13
style.css,122,css,b999db7c,Jazely Tong,2026-04-09,22:50:36,-07:00,2026-04-09T22:50:36-07:00,1,16
style.css,123,css,b999db7c,Jazely Tong,2026-04-09,22:50:36,-07:00,2026-04-09T22:50:36-07:00,0,0
style.css,124,css,b999db7c,Jazely Tong,2026-04-09,22:50:36,-07:00,2026-04-09T22:50:36-07:00,0,0
style.css,125,css,0938b5dc,Jazely Tong,2026-04-17,12:56:16,-07:00,2026-04-17T12:56:16-07:00,0,9
style.css,126,css,b999db7c,Jazely Tong,2026-04-09,22:50:36,-07:00,2026-04-09T22:50:36-07:00,0,2
style.css,127,css,b999db7c,Jazely Tong,2026-04-09,22:50:36,-07:00,2026-04-09T22:50:36-07:00,1,18
style.css,128,css,b999db7c,Jazely Tong,2026-04-09,22:50:36,-07:00,2026-04-09T22:50:36-07:00,0,0
style.css,129,css,b999db7c,Jazely Tong,2026-04-09,22:50:36,-07:00,2026-04-09T22:50:36-07:00,0,0
style.css,130,css,b999db7c,Jazely Tong,2026-04-09,22:50:36,-07:00,2026-04-09T22:50:36-07:00,0,2
style.css,131,css,b999db7c,Jazely Tong,2026-04-09,22:50:36,-07:00,2026-04-09T22:50:36-07:00,1,18
style.css,132,css,0938b5dc,Jazely Tong,2026-04-17,12:56:16,-07:00,2026-04-17T12:56:16-07:00,0,0
style.css,133,css,0938b5dc,Jazely Tong,2026-04-17,12:56:16,-07:00,2026-04-17T12:56:16-07:00,0,0
style.css,134,css,0938b5dc,Jazely Tong,2026-04-17,12:56:16,-07:00,2026-04-17T12:56:16-07:00,0,0
style.css,135,css,0938b5dc,Jazely Tong,2026-04-17,12:56:16,-07:00,2026-04-17T12:56:16-07:00,0,13
style.css,136,css,a6db008d,Jazely Tong,2026-04-17,13:05:04,-07:00,2026-04-17T13:05:04-07:00,1,14
style.css,137,css,0938b5dc,Jazely Tong,2026-04-17,12:56:16,-07:00,2026-04-17T12:56:16-07:00,1,8
style.css,138,css,0938b5dc,Jazely Tong,2026-04-17,12:56:16,-07:00,2026-04-17T12:56:16-07:00,1,10
style.css,139,css,0938b5dc,Jazely Tong,2026-04-17,12:56:16,-07:00,2026-04-17T12:56:16-07:00,1,13
style.css,140,css,a6db008d,Jazely Tong,2026-04-17,13:05:04,-07:00,2026-04-17T13:05:04-07:00,1,17
style.css,141,css,a6db008d,Jazely Tong,2026-04-17,13:05:04,-07:00,2026-04-17T13:05:04-07:00,1,19
style.css,142,css,a6db008d,Jazely Tong,2026-04-17,13:05:04,-07:00,2026-04-17T13:05:04-07:00,1,19
style.css,143,css,0938b5dc,Jazely Tong,2026-04-17,12:56:16,-07:00,2026-04-17T12:56:16-07:00,0,0
style.css,144,css,0938b5dc,Jazely Tong,2026-04-17,12:56:16,-07:00,2026-04-17T12:56:16-07:00,0,0
style.css,145,css,0938b5dc,Jazely Tong,2026-04-17,12:56:16,-07:00,2026-04-17T12:56:16-07:00,0,6
style.css,146,css,0938b5dc,Jazely Tong,2026-04-17,12:56:16,-07:00,2026-04-17T12:56:16-07:00,1,12
style.css,147,css,97bd37cc,Jazely Tong,2026-04-29,18:59:25,-07:00,2026-04-29T18:59:25-07:00,0,0
style.css,148,css,97bd37cc,Jazely Tong,2026-04-29,18:59:25,-07:00,2026-04-29T18:59:25-07:00,0,0
style.css,149,css,97bd37cc,Jazely Tong,2026-04-29,18:59:25,-07:00,2026-04-29T18:59:25-07:00,0,5
style.css,150,css,97bd37cc,Jazely Tong,2026-04-29,18:59:25,-07:00,2026-04-29T18:59:25-07:00,1,17
style.css,151,css,97bd37cc,Jazely Tong,2026-04-29,18:59:25,-07:00,2026-04-29T18:59:25-07:00,1,11
style.css,152,css,97bd37cc,Jazely Tong,2026-04-29,18:59:25,-07:00,2026-04-29T18:59:25-07:00,0,0
style.css,153,css,97bd37cc,Jazely Tong,2026-04-29,18:59:25,-07:00,2026-04-29T18:59:25-07:00,0,0
style.css,154,css,97bd37cc,Jazely Tong,2026-04-29,18:59:25,-07:00,2026-04-29T18:59:25-07:00,0,18
style.css,155,css,97bd37cc,Jazely Tong,2026-04-29,18:59:25,-07:00,2026-04-29T18:59:25-07:00,1,14
style.css,156,css,97bd37cc,Jazely Tong,2026-04-29,18:59:25,-07:00,2026-04-29T18:59:25-07:00,1,16
style.css,157,css,97bd37cc,Jazely Tong,2026-04-29,18:59:25,-07:00,2026-04-29T18:59:25-07:00,1,16
style.css,158,css,829dbe9a,Jazely Tong,2026-05-01,00:10:46,-07:00,2026-05-01T00:10:46-07:00,0,0
style.css,159,css,829dbe9a,Jazely Tong,2026-05-01,00:10:46,-07:00,2026-05-01T00:10:46-07:00,0,0
style.css,160,css,829dbe9a,Jazely Tong,2026-05-01,00:10:46,-07:00,2026-05-01T00:10:46-07:00,0,7
style.css,161,css,829dbe9a,Jazely Tong,2026-05-01,00:10:46,-07:00,2026-05-01T00:10:46-07:00,1,12
style.css,162,css,829dbe9a,Jazely Tong,2026-05-01,00:10:46,-07:00,2026-05-01T00:10:46-07:00,1,57
style.css,163,css,829dbe9a,Jazely Tong,2026-05-01,00:10:46,-07:00,2026-05-01T00:10:46-07:00,1,7
style.css,164,css,829dbe9a,Jazely Tong,2026-05-01,00:10:46,-07:00,2026-05-01T00:10:46-07:00,1,11
style.css,165,css,829dbe9a,Jazely Tong,2026-05-01,00:10:46,-07:00,2026-05-01T00:10:46-07:00,1,16
style.css,166,css,829dbe9a,Jazely Tong,2026-05-01,00:10:46,-07:00,2026-05-01T00:10:46-07:00,1,34
style.css,167,css,829dbe9a,Jazely Tong,2026-05-01,00:10:46,-07:00,2026-05-01T00:10:46-07:00,1,15
style.css,168,css,829dbe9a,Jazely Tong,2026-05-01,00:10:46,-07:00,2026-05-01T00:10:46-07:00,0,0
style.css,169,css,829dbe9a,Jazely Tong,2026-05-01,00:10:46,-07:00,2026-05-01T00:10:46-07:00,0,0
style.css,170,css,829dbe9a,Jazely Tong,2026-05-01,00:10:46,-07:00,2026-05-01T00:10:46-07:00,0,10
style.css,171,css,829dbe9a,Jazely Tong,2026-05-01,00:10:46,-07:00,2026-05-01T00:10:46-07:00,1,12
style.css,172,css,829dbe9a,Jazely Tong,2026-05-01,00:10:46,-07:00,2026-05-01T00:10:46-07:00,1,18
style.css,173,css,829dbe9a,Jazely Tong,2026-05-01,00:10:46,-07:00,2026-05-01T00:10:46-07:00,1,9
style.css,174,css,829dbe9a,Jazely Tong,2026-05-01,00:10:46,-07:00,2026-05-01T00:10:46-07:00,0,0
style.css,175,css,829dbe9a,Jazely Tong,2026-05-01,00:10:46,-07:00,2026-05-01T00:10:46-07:00,0,0
style.css,176,css,829dbe9a,Jazely Tong,2026-05-01,00:10:46,-07:00,2026-05-01T00:10:46-07:00,0,7
style.css,177,css,829dbe9a,Jazely Tong,2026-05-01,00:10:46,-07:00,2026-05-01T00:10:46-07:00,1,20
style.css,178,css,829dbe9a,Jazely Tong,2026-05-01,00:10:46,-07:00,2026-05-01T00:10:46-07:00,1,9
style.css,179,css,829dbe9a,Jazely Tong,2026-05-01,00:10:46,-07:00,2026-05-01T00:10:46-07:00,1,18
style.css,180,css,829dbe9a,Jazely Tong,2026-05-01,00:10:46,-07:00,2026-05-01T00:10:46-07:00,1,29
style.css,181,css,829dbe9a,Jazely Tong,2026-05-01,00:10:46,-07:00,2026-05-01T00:10:46-07:00,1,19
style.css,182,css,829dbe9a,Jazely Tong,2026-05-01,00:10:46,-07:00,2026-05-01T00:10:46-07:00,0,0
style.css,183,css,829dbe9a,Jazely Tong,2026-05-01,00:10:46,-07:00,2026-05-01T00:10:46-07:00,0,0
style.css,184,css,829dbe9a,Jazely Tong,2026-05-01,00:10:46,-07:00,2026-05-01T00:10:46-07:00,0,10
style.css,185,css,829dbe9a,Jazely Tong,2026-05-01,00:10:46,-07:00,2026-05-01T00:10:46-07:00,1,12
style.css,186,css,829dbe9a,Jazely Tong,2026-05-01,00:10:46,-07:00,2026-05-01T00:10:46-07:00,1,18
style.css,187,css,829dbe9a,Jazely Tong,2026-05-01,00:10:46,-07:00,2026-05-01T00:10:46-07:00,1,7
style.css,188,css,829dbe9a,Jazely Tong,2026-05-01,00:10:46,-07:00,2026-05-01T00:10:46-07:00,0,0
style.css,189,css,829dbe9a,Jazely Tong,2026-05-01,00:10:46,-07:00,2026-05-01T00:10:46-07:00,0,0
style.css,190,css,829dbe9a,Jazely Tong,2026-05-01,00:10:46,-07:00,2026-05-01T00:10:46-07:00,0,18
style.css,191,css,829dbe9a,Jazely Tong,2026-05-01,00:10:46,-07:00,2026-05-01T00:10:46-07:00,1,6
style.css,192,css,829dbe9a,Jazely Tong,2026-05-01,00:10:46,-07:00,2026-05-01T00:10:46-07:00,0,0
style.css,193,css,829dbe9a,Jazely Tong,2026-05-01,00:10:46,-07:00,2026-05-01T00:10:46-07:00,0,0
style.css,194,css,829dbe9a,Jazely Tong,2026-05-01,00:10:46,-07:00,2026-05-01T00:10:46-07:00,0,51
style.css,195,css,829dbe9a,Jazely Tong,2026-05-01,00:10:46,-07:00,2026-05-01T00:10:46-07:00,1,11
style.css,196,css,829dbe9a,Jazely Tong,2026-05-01,00:10:46,-07:00,2026-05-01T00:10:46-07:00,0,0
style.css,197,css,829dbe9a,Jazely Tong,2026-05-01,00:10:46,-07:00,2026-05-01T00:10:46-07:00,0,0
style.css,198,css,829dbe9a,Jazely Tong,2026-05-01,00:10:46,-07:00,2026-05-01T00:10:46-07:00,0,23
style.css,199,css,829dbe9a,Jazely Tong,2026-05-01,00:10:46,-07:00,2026-05-01T00:10:46-07:00,1,16
style.css,200,css,829dbe9a,Jazely Tong,2026-05-01,00:10:46,-07:00,2026-05-01T00:10:46-07:00,1,14
style.css,201,css,829dbe9a,Jazely Tong,2026-05-01,00:10:46,-07:00,2026-05-01T00:10:46-07:00,0,0
style.css,202,css,829dbe9a,Jazely Tong,2026-05-01,00:10:46,-07:00,2026-05-01T00:10:46-07:00,0,0
style.css,203,css,829dbe9a,Jazely Tong,2026-05-01,00:10:46,-07:00,2026-05-01T00:10:46-07:00,0,9
style.css,204,css,829dbe9a,Jazely Tong,2026-05-01,00:10:46,-07:00,2026-05-01T00:10:46-07:00,1,35
style.css,205,css,829dbe9a,Jazely Tong,2026-05-01,00:10:46,-07:00,2026-05-01T00:10:46-07:00,0,0
style.css,206,css,829dbe9a,Jazely Tong,2026-05-01,00:10:46,-07:00,2026-05-01T00:10:46-07:00,0,0
style.css,207,css,829dbe9a,Jazely Tong,2026-05-01,00:10:46,-07:00,2026-05-01T00:10:46-07:00,0,18
style.css,208,css,829dbe9a,Jazely Tong,2026-05-01,00:10:46,-07:00,2026-05-01T00:10:46-07:00,1,17
style.css,209,css,00000000,Not Committed Yet,2026-05-06,00:14:51,-07:00,2026-05-06T00:14:51-07:00,0,0
style.css,210,css,00000000,Not Committed Yet,2026-05-06,00:14:51,-07:00,2026-05-06T00:14:51-07:00,0,0
style.css,211,css,00000000,Not Committed Yet,2026-05-06,00:14:51,-07:00,2026-05-06T00:14:51-07:00,0,17
style.css,212,css,00000000,Not Committed Yet,2026-05-06,00:14:51,-07:00,2026-05-06T00:14:51-07:00,0,8
style.css,213,css,00000000,Not Committed Yet,2026-05-06,00:14:51,-07:00,2026-05-06T00:14:51-07:00,1,14
style.css,214,css,00000000,Not Committed Yet,2026-05-06,00:14:51,-07:00,2026-05-06T00:14:51-07:00,1,7
style.css,215,css,00000000,Not Committed Yet,2026-05-06,00:14:51,-07:00,2026-05-06T00:14:51-07:00,1,8
style.css,216,css,00000000,Not Committed Yet,2026-05-06,00:14:51,-07:00,2026-05-06T00:14:51-07:00,1,17
style.css,217,css,00000000,Not Committed Yet,2026-05-06,00:14:51,-07:00,2026-05-06T00:14:51-07:00,1,34
style.css,218,css,00000000,Not Committed Yet,2026-05-06,00:14:51,-07:00,2026-05-06T00:14:51-07:00,1,19
style.css,219,css,00000000,Not Committed Yet,2026-05-06,00:14:51,-07:00,2026-05-06T00:14:51-07:00,1,43
style.css,220,css,00000000,Not Committed Yet,2026-05-06,00:14:51,-07:00,2026-05-06T00:14:51-07:00,1,11
style.css,221,css,00000000,Not Committed Yet,2026-05-06,00:14:51,-07:00,2026-05-06T00:14:51-07:00,1,12
style.css,222,css,00000000,Not Committed Yet,2026-05-06,00:14:51,-07:00,2026-05-06T00:14:51-07:00,1,30
style.css,223,css,00000000,Not Committed Yet,2026-05-06,00:14:51,-07:00,2026-05-06T00:14:51-07:00,1,14
style.css,224,css,00000000,Not Committed Yet,2026-05-06,00:14:51,-07:00,2026-05-06T00:14:51-07:00,1,10
style.css,225,css,00000000,Not Committed Yet,2026-05-06,00:14:51,-07:00,2026-05-06T00:14:51-07:00,1,19
style.css,226,css,00000000,Not Committed Yet,2026-05-06,00:14:51,-07:00,2026-05-06T00:14:51-07:00,0,0
style.css,227,css,00000000,Not Committed Yet,2026-05-06,00:14:51,-07:00,2026-05-06T00:14:51-07:00,0,0
style.css,228,css,00000000,Not Committed Yet,2026-05-06,00:14:51,-07:00,2026-05-06T00:14:51-07:00,0,11
style.css,229,css,00000000,Not Committed Yet,2026-05-06,00:14:51,-07:00,2026-05-06T00:14:51-07:00,1,16
style.css,230,css,00000000,Not Committed Yet,2026-05-06,00:14:51,-07:00,2026-05-06T00:14:51-07:00,1,11
style.css,231,css,00000000,Not Committed Yet,2026-05-06,00:14:51,-07:00,2026-05-06T00:14:51-07:00,0,0
style.css,232,css,00000000,Not Committed Yet,2026-05-06,00:14:51,-07:00,2026-05-06T00:14:51-07:00,0,0
style.css,233,css,00000000,Not Committed Yet,2026-05-06,00:14:51,-07:00,2026-05-06T00:14:51-07:00,0,11
style.css,234,css,00000000,Not Committed Yet,2026-05-06,00:14:51,-07:00,2026-05-06T00:14:51-07:00,1,8
style.css,235,css,00000000,Not Committed Yet,2026-05-06,00:14:51,-07:00,2026-05-06T00:14:51-07:00,0,0
style.css,236,css,00000000,Not Committed Yet,2026-05-06,00:14:51,-07:00,2026-05-06T00:14:51-07:00,0,0
style.css,237,css,00000000,Not Committed Yet,2026-05-06,00:14:51,-07:00,2026-05-06T00:14:51-07:00,0,15
style.css,238,css,00000000,Not Committed Yet,2026-05-06,00:14:51,-07:00,2026-05-06T00:14:51-07:00,1,12
style.css,239,css,00000000,Not Committed Yet,2026-05-06,00:14:51,-07:00,2026-05-06T00:14:51-07:00,0,0
style.css,240,css,00000000,Not Committed Yet,2026-05-06,00:14:51,-07:00,2026-05-06T00:14:51-07:00,0,0
style.css,241,css,00000000,Not Committed Yet,2026-05-06,00:14:51,-07:00,2026-05-06T00:14:51-07:00,0,6
style.css,242,css,00000000,Not Committed Yet,2026-05-06,00:14:51,-07:00,2026-05-06T00:14:51-07:00,1,16
style.css,243,css,00000000,Not Committed Yet,2026-05-06,00:14:51,-07:00,2026-05-06T00:14:51-07:00,1,23
style.css,244,css,00000000,Not Committed Yet,2026-05-06,00:14:51,-07:00,2026-05-06T00:14:51-07:00,1,22
style.css,245,css,00000000,Not Committed Yet,2026-05-06,00:14:51,-07:00,2026-05-06T00:14:51-07:00,0,0
style.css,246,css,00000000,Not Committed Yet,2026-05-06,00:14:51,-07:00,2026-05-06T00:14:51-07:00,0,0
style.css,247,css,00000000,Not Committed Yet,2026-05-06,00:14:51,-07:00,2026-05-06T00:14:51-07:00,0,12
style.css,248,css,00000000,Not Committed Yet,2026-05-06,00:14:51,-07:00,2026-05-06T00:14:51-07:00,1,20
style.css,249,css,00000000,Not Committed Yet,2026-05-06,00:14:51,-07:00,2026-05-06T00:14:51-07:00,0,0
style.css,250,css,00000000,Not Committed Yet,2026-05-06,00:14:51,-07:00,2026-05-06T00:14:51-07:00,0,0
style.css,251,css,00000000,Not Committed Yet,2026-05-06,00:14:51,-07:00,2026-05-06T00:14:51-07:00,0,18
style.css,252,css,00000000,Not Committed Yet,2026-05-06,00:14:51,-07:00,2026-05-06T00:14:51-07:00,0,15
style.css,253,css,00000000,Not Committed Yet,2026-05-06,00:14:51,-07:00,2026-05-06T00:14:51-07:00,1,12
style.css,254,css,00000000,Not Committed Yet,2026-05-06,00:14:51,-07:00,2026-05-06T00:14:51-07:00,0,0
style.css,255,css,00000000,Not Committed Yet,2026-05-06,00:14:51,-07:00,2026-05-06T00:14:51-07:00,0,0
style.css,256,css,00000000,Not Committed Yet,2026-05-06,00:14:51,-07:00,2026-05-06T00:14:51-07:00,0,24
style.css,257,css,00000000,Not Committed Yet,2026-05-06,00:14:51,-07:00,2026-05-06T00:14:51-07:00,1,2
style.css,258,css,00000000,Not Committed Yet,2026-05-06,00:14:51,-07:00,2026-05-06T00:14:51-07:00,2,20
style.css,259,css,00000000,Not Committed Yet,2026-05-06,00:14:51,-07:00,2026-05-06T00:14:51-07:00,1,0
style.css,260,css,00000000,Not Committed Yet,2026-05-06,00:14:51,-07:00,2026-05-06T00:14:51-07:00,0,0
style.css,261,css,00000000,Not Committed Yet,2026-05-06,00:14:51,-07:00,2026-05-06T00:14:51-07:00,0,0
style.css,262,css,00000000,Not Committed Yet,2026-05-06,00:14:51,-07:00,2026-05-06T00:14:51-07:00,0,10
style.css,263,css,00000000,Not Committed Yet,2026-05-06,00:14:51,-07:00,2026-05-06T00:14:51-07:00,1,16
style.css,264,css,00000000,Not Committed Yet,2026-05-06,00:14:51,-07:00,2026-05-06T00:14:51-07:00,1,12
style.css,265,css,00000000,Not Committed Yet,2026-05-06,00:14:51,-07:00,2026-05-06T00:14:51-07:00,1,18
style.css,266,css,00000000,Not Committed Yet,2026-05-06,00:14:51,-07:00,2026-05-06T00:14:51-07:00,1,20
style.css,267,css,00000000,Not Committed Yet,2026-05-06,00:14:51,-07:00,2026-05-06T00:14:51-07:00,1,42
style.css,268,css,00000000,Not Committed Yet,2026-05-06,00:14:51,-07:00,2026-05-06T00:14:51-07:00,0,0
style.css,269,css,00000000,Not Committed Yet,2026-05-06,00:14:51,-07:00,2026-05-06T00:14:51-07:00,0,0
style.css,270,css,00000000,Not Committed Yet,2026-05-06,00:14:51,-07:00,2026-05-06T00:14:51-07:00,0,15
style.css,271,css,00000000,Not Committed Yet,2026-05-06,00:14:51,-07:00,2026-05-06T00:14:51-07:00,1,24
style.css,272,css,00000000,Not Committed Yet,2026-05-06,00:14:51,-07:00,2026-05-06T00:14:51-07:00,1,18
style.css,273,css,00000000,Not Committed Yet,2026-05-06,00:14:51,-07:00,2026-05-06T00:14:51-07:00,0,0
style.css,274,css,00000000,Not Committed Yet,2026-05-06,00:14:51,-07:00,2026-05-06T00:14:51-07:00,0,0
style.css,275,css,00000000,Not Committed Yet,2026-05-06,00:14:51,-07:00,2026-05-06T00:14:51-07:00,0,15
style.css,276,css,00000000,Not Committed Yet,2026-05-06,00:14:51,-07:00,2026-05-06T00:14:51-07:00,1,12
style.css,277,css,2db03471,Jazely Tong,2026-04-09,22:44:28,-07:00,2026-04-09T22:44:28-07:00,0,0
index.js,1,js,32e95afe,Jazely Tong,2026-04-23,22:47:02,-07:00,2026-04-23T22:47:02-07:00,0,71
index.js,2,js,32e95afe,Jazely Tong,2026-04-23,22:47:02,-07:00,2026-04-23T22:47:02-07:00,0,0
index.js,3,js,32e95afe,Jazely Tong,2026-04-23,22:47:02,-07:00,2026-04-23T22:47:02-07:00,0,54
index.js,4,js,32e95afe,Jazely Tong,2026-04-23,22:47:02,-07:00,2026-04-23T22:47:02-07:00,0,0
index.js,5,js,32e95afe,Jazely Tong,2026-04-23,22:47:02,-07:00,2026-04-23T22:47:02-07:00,0,42
index.js,6,js,32e95afe,Jazely Tong,2026-04-23,22:47:02,-07:00,2026-04-23T22:47:02-07:00,0,0
index.js,7,js,32e95afe,Jazely Tong,2026-04-23,22:47:02,-07:00,2026-04-23T22:47:02-07:00,0,60
index.js,8,js,32e95afe,Jazely Tong,2026-04-23,22:47:02,-07:00,2026-04-23T22:47:02-07:00,0,0
index.js,9,js,32e95afe,Jazely Tong,2026-04-23,22:47:02,-07:00,2026-04-23T22:47:02-07:00,0,54
index.js,10,js,32e95afe,Jazely Tong,2026-04-23,22:47:02,-07:00,2026-04-23T22:47:02-07:00,0,0
index.js,11,js,32e95afe,Jazely Tong,2026-04-23,22:47:02,-07:00,2026-04-23T22:47:02-07:00,0,0
index.js,12,js,32e95afe,Jazely Tong,2026-04-23,22:47:02,-07:00,2026-04-23T22:47:02-07:00,0,53
index.js,13,js,32e95afe,Jazely Tong,2026-04-23,22:47:02,-07:00,2026-04-23T22:47:02-07:00,0,0
index.js,14,js,32e95afe,Jazely Tong,2026-04-23,22:47:02,-07:00,2026-04-23T22:47:02-07:00,0,60
index.js,15,js,32e95afe,Jazely Tong,2026-04-23,22:47:02,-07:00,2026-04-23T22:47:02-07:00,0,0
index.js,16,js,32e95afe,Jazely Tong,2026-04-23,22:47:02,-07:00,2026-04-23T22:47:02-07:00,0,17
index.js,17,js,32e95afe,Jazely Tong,2026-04-23,22:47:02,-07:00,2026-04-23T22:47:02-07:00,1,24
index.js,18,js,32e95afe,Jazely Tong,2026-04-23,22:47:02,-07:00,2026-04-23T22:47:02-07:00,2,2
index.js,19,js,32e95afe,Jazely Tong,2026-04-23,22:47:02,-07:00,2026-04-23T22:47:02-07:00,3,55
index.js,20,js,32e95afe,Jazely Tong,2026-04-23,22:47:02,-07:00,2026-04-23T22:47:02-07:00,3,55
index.js,21,js,32e95afe,Jazely Tong,2026-04-23,22:47:02,-07:00,2026-04-23T22:47:02-07:00,3,49
index.js,22,js,32e95afe,Jazely Tong,2026-04-23,22:47:02,-07:00,2026-04-23T22:47:02-07:00,3,49
index.js,23,js,32e95afe,Jazely Tong,2026-04-23,22:47:02,-07:00,2026-04-23T22:47:02-07:00,2,3
index.js,24,js,32e95afe,Jazely Tong,2026-04-23,22:47:02,-07:00,2026-04-23T22:47:02-07:00,1,0
index.js,25,js,32e95afe,Jazely Tong,2026-04-23,22:47:02,-07:00,2026-04-23T22:47:02-07:00,0,0
index.html,1,html,6f783aac,Jazely Tong,2026-04-01,21:54:45,-07:00,2026-04-01T21:54:45-07:00,0,13
index.html,2,html,6f783aac,Jazely Tong,2026-04-01,21:54:45,-07:00,2026-04-01T21:54:45-07:00,0,14
index.html,3,html,6f783aac,Jazely Tong,2026-04-01,21:54:45,-07:00,2026-04-01T21:54:45-07:00,0,4
index.html,4,html,6f783aac,Jazely Tong,2026-04-01,21:54:45,-07:00,2026-04-01T21:54:45-07:00,2,20
index.html,5,html,6f783aac,Jazely Tong,2026-04-01,21:54:45,-07:00,2026-04-01T21:54:45-07:00,2,68
index.html,6,html,6f783aac,Jazely Tong,2026-04-01,21:54:45,-07:00,2026-04-01T21:54:45-07:00,2,53
index.html,7,html,bdf82b3e,Jazely Tong,2026-04-03,10:43:35,-07:00,2026-04-03T10:43:35-07:00,2,38
index.html,8,html,0938b5dc,Jazely Tong,2026-04-17,12:56:16,-07:00,2026-04-17T12:56:16-07:00,2,45
index.html,9,html,32e95afe,Jazely Tong,2026-04-23,22:47:02,-07:00,2026-04-23T22:47:02-07:00,2,44
index.html,10,html,6f783aac,Jazely Tong,2026-04-01,21:54:45,-07:00,2026-04-01T21:54:45-07:00,0,5
index.html,11,html,6f783aac,Jazely Tong,2026-04-01,21:54:45,-07:00,2026-04-01T21:54:45-07:00,0,4
index.html,12,html,0938b5dc,Jazely Tong,2026-04-17,12:56:16,-07:00,2026-04-17T12:56:16-07:00,2,0
index.html,13,html,bdf82b3e,Jazely Tong,2026-04-03,10:43:35,-07:00,2026-04-03T10:43:35-07:00,0,0
index.html,14,html,98b8f0a4,Jazely Tong,2026-04-03,12:36:57,-07:00,2026-04-03T12:36:57-07:00,2,18
index.html,15,html,7f12e5f5,Jazely Tong,2026-04-03,14:25:01,-07:00,2026-04-03T14:25:01-07:00,0,0
index.html,16,html,98b8f0a4,Jazely Tong,2026-04-03,12:36:57,-07:00,2026-04-03T12:36:57-07:00,2,80
index.html,17,html,98b8f0a4,Jazely Tong,2026-04-03,12:36:57,-07:00,2026-04-03T12:36:57-07:00,0,0
index.html,18,html,98b8f0a4,Jazely Tong,2026-04-03,12:36:57,-07:00,2026-04-03T12:36:57-07:00,2,87
index.html,19,html,32e95afe,Jazely Tong,2026-04-23,22:47:02,-07:00,2026-04-23T22:47:02-07:00,2,0
index.html,20,html,32e95afe,Jazely Tong,2026-04-23,22:47:02,-07:00,2026-04-23T22:47:02-07:00,2,22
index.html,21,html,32e95afe,Jazely Tong,2026-04-23,22:47:02,-07:00,2026-04-23T22:47:02-07:00,2,26
index.html,22,html,32e95afe,Jazely Tong,2026-04-23,22:47:02,-07:00,2026-04-23T22:47:02-07:00,0,0
index.html,23,html,32e95afe,Jazely Tong,2026-04-23,22:47:02,-07:00,2026-04-23T22:47:02-07:00,2,19
index.html,24,html,32e95afe,Jazely Tong,2026-04-23,22:47:02,-07:00,2026-04-23T22:47:02-07:00,2,28
index.html,25,html,98b8f0a4,Jazely Tong,2026-04-03,12:36:57,-07:00,2026-04-03T12:36:57-07:00,2,5
index.html,26,html,6f783aac,Jazely Tong,2026-04-01,21:54:45,-07:00,2026-04-01T21:54:45-07:00,0,5
global.js,1,js,0938b5dc,Jazely Tong,2026-04-17,12:56:16,-07:00,2026-04-17T12:56:16-07:00,0,25
global.js,2,js,0938b5dc,Jazely Tong,2026-04-17,12:56:16,-07:00,2026-04-17T12:56:16-07:00,0,0
global.js,3,js,0938b5dc,Jazely Tong,2026-04-17,12:56:16,-07:00,2026-04-17T12:56:16-07:00,0,41
global.js,4,js,0938b5dc,Jazely Tong,2026-04-17,12:56:16,-07:00,2026-04-17T12:56:16-07:00,1,52
global.js,5,js,0938b5dc,Jazely Tong,2026-04-17,12:56:16,-07:00,2026-04-17T12:56:16-07:00,0,0
global.js,6,js,0938b5dc,Jazely Tong,2026-04-17,12:56:16,-07:00,2026-04-17T12:56:16-07:00,0,0
global.js,7,js,0938b5dc,Jazely Tong,2026-04-17,12:56:16,-07:00,2026-04-17T12:56:16-07:00,0,15
global.js,8,js,0938b5dc,Jazely Tong,2026-04-17,12:56:16,-07:00,2026-04-17T12:56:16-07:00,1,68
global.js,9,js,0938b5dc,Jazely Tong,2026-04-17,12:56:16,-07:00,2026-04-17T12:56:16-07:00,2,3
global.js,10,js,0938b5dc,Jazely Tong,2026-04-17,12:56:16,-07:00,2026-04-17T12:56:16-07:00,2,60
global.js,11,js,0938b5dc,Jazely Tong,2026-04-17,12:56:16,-07:00,2026-04-17T12:56:16-07:00,0,0
global.js,12,js,0938b5dc,Jazely Tong,2026-04-17,12:56:16,-07:00,2026-04-17T12:56:16-07:00,0,13
global.js,13,js,0938b5dc,Jazely Tong,2026-04-17,12:56:16,-07:00,2026-04-17T12:56:16-07:00,1,25
global.js,14,js,0938b5dc,Jazely Tong,2026-04-17,12:56:16,-07:00,2026-04-17T12:56:16-07:00,1,38
global.js,15,js,0938b5dc,Jazely Tong,2026-04-17,12:56:16,-07:00,2026-04-17T12:56:16-07:00,1,36
global.js,16,js,0938b5dc,Jazely Tong,2026-04-17,12:56:16,-07:00,2026-04-17T12:56:16-07:00,1,34
global.js,17,js,94eb4e8d,Jazely Tong,2026-05-04,22:53:32,-07:00,2026-05-04T22:53:32-07:00,1,30
global.js,18,js,0938b5dc,Jazely Tong,2026-04-17,12:56:16,-07:00,2026-04-17T12:56:16-07:00,1,56
global.js,19,js,0938b5dc,Jazely Tong,2026-04-17,12:56:16,-07:00,2026-04-17T12:56:16-07:00,0,0
global.js,20,js,0938b5dc,Jazely Tong,2026-04-17,12:56:16,-07:00,2026-04-17T12:56:16-07:00,0,0
global.js,21,js,0938b5dc,Jazely Tong,2026-04-17,12:56:16,-07:00,2026-04-17T12:56:16-07:00,0,38
global.js,22,js,0938b5dc,Jazely Tong,2026-04-17,12:56:16,-07:00,2026-04-17T12:56:16-07:00,0,25
global.js,23,js,0938b5dc,Jazely Tong,2026-04-17,12:56:16,-07:00,2026-04-17T12:56:16-07:00,0,0
global.js,24,js,0938b5dc,Jazely Tong,2026-04-17,12:56:16,-07:00,2026-04-17T12:56:16-07:00,0,20
global.js,25,js,0938b5dc,Jazely Tong,2026-04-17,12:56:16,-07:00,2026-04-17T12:56:16-07:00,1,14
global.js,26,js,0938b5dc,Jazely Tong,2026-04-17,12:56:16,-07:00,2026-04-17T12:56:16-07:00,0,0
global.js,27,js,0938b5dc,Jazely Tong,2026-04-17,12:56:16,-07:00,2026-04-17T12:56:16-07:00,1,28
global.js,28,js,0938b5dc,Jazely Tong,2026-04-17,12:56:16,-07:00,2026-04-17T12:56:16-07:00,2,20
global.js,29,js,0938b5dc,Jazely Tong,2026-04-17,12:56:16,-07:00,2026-04-17T12:56:16-07:00,1,0
global.js,30,js,0938b5dc,Jazely Tong,2026-04-17,12:56:16,-07:00,2026-04-17T12:56:16-07:00,0,0
global.js,31,js,0938b5dc,Jazely Tong,2026-04-17,12:56:16,-07:00,2026-04-17T12:56:16-07:00,1,34
global.js,32,js,0938b5dc,Jazely Tong,2026-04-17,12:56:16,-07:00,2026-04-17T12:56:16-07:00,1,11
global.js,33,js,0938b5dc,Jazely Tong,2026-04-17,12:56:16,-07:00,2026-04-17T12:56:16-07:00,1,22
global.js,34,js,0938b5dc,Jazely Tong,2026-04-17,12:56:16,-07:00,2026-04-17T12:56:16-07:00,0,0
global.js,35,js,0938b5dc,Jazely Tong,2026-04-17,12:56:16,-07:00,2026-04-17T12:56:16-07:00,1,17
global.js,36,js,0938b5dc,Jazely Tong,2026-04-17,12:56:16,-07:00,2026-04-17T12:56:16-07:00,2,8
global.js,37,js,0938b5dc,Jazely Tong,2026-04-17,12:56:16,-07:00,2026-04-17T12:56:16-07:00,2,58
global.js,38,js,0938b5dc,Jazely Tong,2026-04-17,12:56:16,-07:00,2026-04-17T12:56:16-07:00,1,0
global.js,39,js,0938b5dc,Jazely Tong,2026-04-17,12:56:16,-07:00,2026-04-17T12:56:16-07:00,0,0
global.js,40,js,0938b5dc,Jazely Tong,2026-04-17,12:56:16,-07:00,2026-04-17T12:56:16-07:00,1,29
global.js,41,js,0938b5dc,Jazely Tong,2026-04-17,12:56:16,-07:00,2026-04-17T12:56:16-07:00,2,18
global.js,42,js,0938b5dc,Jazely Tong,2026-04-17,12:56:16,-07:00,2026-04-17T12:56:16-07:00,1,0
global.js,43,js,0938b5dc,Jazely Tong,2026-04-17,12:56:16,-07:00,2026-04-17T12:56:16-07:00,0,0
global.js,44,js,0938b5dc,Jazely Tong,2026-04-17,12:56:16,-07:00,2026-04-17T12:56:16-07:00,1,12
global.js,45,js,0938b5dc,Jazely Tong,2026-04-17,12:56:16,-07:00,2026-04-17T12:56:16-07:00,0,0
global.js,46,js,0938b5dc,Jazely Tong,2026-04-17,12:56:16,-07:00,2026-04-17T12:56:16-07:00,0,0
global.js,47,js,0938b5dc,Jazely Tong,2026-04-17,12:56:16,-07:00,2026-04-17T12:56:16-07:00,0,31
global.js,48,js,0938b5dc,Jazely Tong,2026-04-17,12:56:16,-07:00,2026-04-17T12:56:16-07:00,1,11
global.js,49,js,0938b5dc,Jazely Tong,2026-04-17,12:56:16,-07:00,2026-04-17T12:56:16-07:00,1,0
global.js,50,js,0938b5dc,Jazely Tong,2026-04-17,12:56:16,-07:00,2026-04-17T12:56:16-07:00,2,26
global.js,51,js,0938b5dc,Jazely Tong,2026-04-17,12:56:16,-07:00,2026-04-17T12:56:16-07:00,3,4
global.js,52,js,0938b5dc,Jazely Tong,2026-04-17,12:56:16,-07:00,2026-04-17T12:56:16-07:00,3,6
global.js,53,js,0938b5dc,Jazely Tong,2026-04-17,12:56:16,-07:00,2026-04-17T12:56:16-07:00,4,43
global.js,54,js,0938b5dc,Jazely Tong,2026-04-17,12:56:16,-07:00,2026-04-17T12:56:16-07:00,4,34
global.js,55,js,0938b5dc,Jazely Tong,2026-04-17,12:56:16,-07:00,2026-04-17T12:56:16-07:00,4,32
global.js,56,js,0938b5dc,Jazely Tong,2026-04-17,12:56:16,-07:00,2026-04-17T12:56:16-07:00,3,7
global.js,57,js,0938b5dc,Jazely Tong,2026-04-17,12:56:16,-07:00,2026-04-17T12:56:16-07:00,2,6
global.js,58,js,0938b5dc,Jazely Tong,2026-04-17,12:56:16,-07:00,2026-04-17T12:56:16-07:00,1,0
global.js,59,js,0938b5dc,Jazely Tong,2026-04-17,12:56:16,-07:00,2026-04-17T12:56:16-07:00,0,0
global.js,60,js,0938b5dc,Jazely Tong,2026-04-17,12:56:16,-07:00,2026-04-17T12:56:16-07:00,0,0
global.js,61,js,0938b5dc,Jazely Tong,2026-04-17,12:56:16,-07:00,2026-04-17T12:56:16-07:00,0,60
global.js,62,js,0938b5dc,Jazely Tong,2026-04-17,12:56:16,-07:00,2026-04-17T12:56:16-07:00,0,0
global.js,63,js,0938b5dc,Jazely Tong,2026-04-17,12:56:16,-07:00,2026-04-17T12:56:16-07:00,0,36
global.js,64,js,0938b5dc,Jazely Tong,2026-04-17,12:56:16,-07:00,2026-04-17T12:56:16-07:00,1,70
global.js,65,js,0938b5dc,Jazely Tong,2026-04-17,12:56:16,-07:00,2026-04-17T12:56:16-07:00,1,25
global.js,66,js,0938b5dc,Jazely Tong,2026-04-17,12:56:16,-07:00,2026-04-17T12:56:16-07:00,0,0
global.js,67,js,0938b5dc,Jazely Tong,2026-04-17,12:56:16,-07:00,2026-04-17T12:56:16-07:00,0,0
global.js,68,js,0938b5dc,Jazely Tong,2026-04-17,12:56:16,-07:00,2026-04-17T12:56:16-07:00,0,34
global.js,69,js,0938b5dc,Jazely Tong,2026-04-17,12:56:16,-07:00,2026-04-17T12:56:16-07:00,1,39
global.js,70,js,0938b5dc,Jazely Tong,2026-04-17,12:56:16,-07:00,2026-04-17T12:56:16-07:00,0,0
global.js,71,js,0938b5dc,Jazely Tong,2026-04-17,12:56:16,-07:00,2026-04-17T12:56:16-07:00,0,0
global.js,72,js,0938b5dc,Jazely Tong,2026-04-17,12:56:16,-07:00,2026-04-17T12:56:16-07:00,0,49
global.js,73,js,0938b5dc,Jazely Tong,2026-04-17,12:56:16,-07:00,2026-04-17T12:56:16-07:00,1,33
global.js,74,js,0938b5dc,Jazely Tong,2026-04-17,12:56:16,-07:00,2026-04-17T12:56:16-07:00,1,44
global.js,75,js,0938b5dc,Jazely Tong,2026-04-17,12:56:16,-07:00,2026-04-17T12:56:16-07:00,0,1
global.js,76,js,0938b5dc,Jazely Tong,2026-04-17,12:56:16,-07:00,2026-04-17T12:56:16-07:00,0,0
global.js,77,js,0938b5dc,Jazely Tong,2026-04-17,12:56:16,-07:00,2026-04-17T12:56:16-07:00,0,42
global.js,78,js,0938b5dc,Jazely Tong,2026-04-17,12:56:16,-07:00,2026-04-17T12:56:16-07:00,0,49
global.js,79,js,0938b5dc,Jazely Tong,2026-04-17,12:56:16,-07:00,2026-04-17T12:56:16-07:00,1,21
global.js,80,js,0938b5dc,Jazely Tong,2026-04-17,12:56:16,-07:00,2026-04-17T12:56:16-07:00,0,0
global.js,81,js,0938b5dc,Jazely Tong,2026-04-17,12:56:16,-07:00,2026-04-17T12:56:16-07:00,1,28
global.js,82,js,0938b5dc,Jazely Tong,2026-04-17,12:56:16,-07:00,2026-04-17T12:56:16-07:00,1,26
global.js,83,js,0938b5dc,Jazely Tong,2026-04-17,12:56:16,-07:00,2026-04-17T12:56:16-07:00,1,15
global.js,84,js,0938b5dc,Jazely Tong,2026-04-17,12:56:16,-07:00,2026-04-17T12:56:16-07:00,0,0
global.js,85,js,0938b5dc,Jazely Tong,2026-04-17,12:56:16,-07:00,2026-04-17T12:56:16-07:00,1,31
global.js,86,js,0938b5dc,Jazely Tong,2026-04-17,12:56:16,-07:00,2026-04-17T12:56:16-07:00,2,11
global.js,87,js,0938b5dc,Jazely Tong,2026-04-17,12:56:16,-07:00,2026-04-17T12:56:16-07:00,3,9
global.js,88,js,0938b5dc,Jazely Tong,2026-04-17,12:56:16,-07:00,2026-04-17T12:56:16-07:00,2,0
global.js,89,js,0938b5dc,Jazely Tong,2026-04-17,12:56:16,-07:00,2026-04-17T12:56:16-07:00,2,12
global.js,90,js,0938b5dc,Jazely Tong,2026-04-17,12:56:16,-07:00,2026-04-17T12:56:16-07:00,0,0
global.js,91,js,0938b5dc,Jazely Tong,2026-04-17,12:56:16,-07:00,2026-04-17T12:56:16-07:00,2,44
global.js,92,js,0938b5dc,Jazely Tong,2026-04-17,12:56:16,-07:00,2026-04-17T12:56:16-07:00,1,0
global.js,93,js,0938b5dc,Jazely Tong,2026-04-17,12:56:16,-07:00,2026-04-17T12:56:16-07:00,0,0
global.js,94,js,0938b5dc,Jazely Tong,2026-04-17,12:56:16,-07:00,2026-04-17T12:56:16-07:00,1,18
global.js,95,js,32e95afe,Jazely Tong,2026-04-23,22:47:02,-07:00,2026-04-23T22:47:02-07:00,0,1
global.js,96,js,32e95afe,Jazely Tong,2026-04-23,22:47:02,-07:00,2026-04-23T22:47:02-07:00,0,0
global.js,97,js,32e95afe,Jazely Tong,2026-04-23,22:47:02,-07:00,2026-04-23T22:47:02-07:00,0,0
global.js,98,js,32e95afe,Jazely Tong,2026-04-23,22:47:02,-07:00,2026-04-23T22:47:02-07:00,0,36
global.js,99,js,32e95afe,Jazely Tong,2026-04-23,22:47:02,-07:00,2026-04-23T22:47:02-07:00,1,3
global.js,100,js,32e95afe,Jazely Tong,2026-04-23,22:47:02,-07:00,2026-04-23T22:47:02-07:00,2,32
global.js,101,js,32e95afe,Jazely Tong,2026-04-23,22:47:02,-07:00,2026-04-23T22:47:02-07:00,0,0
global.js,102,js,32e95afe,Jazely Tong,2026-04-23,22:47:02,-07:00,2026-04-23T22:47:02-07:00,2,17
global.js,103,js,32e95afe,Jazely Tong,2026-04-23,22:47:02,-07:00,2026-04-23T22:47:02-07:00,3,62
global.js,104,js,32e95afe,Jazely Tong,2026-04-23,22:47:02,-07:00,2026-04-23T22:47:02-07:00,2,0
global.js,105,js,32e95afe,Jazely Tong,2026-04-23,22:47:02,-07:00,2026-04-23T22:47:02-07:00,0,0
global.js,106,js,32e95afe,Jazely Tong,2026-04-23,22:47:02,-07:00,2026-04-23T22:47:02-07:00,2,33
global.js,107,js,32e95afe,Jazely Tong,2026-04-23,22:47:02,-07:00,2026-04-23T22:47:02-07:00,2,10
global.js,108,js,32e95afe,Jazely Tong,2026-04-23,22:47:02,-07:00,2026-04-23T22:47:02-07:00,1,15
global.js,109,js,32e95afe,Jazely Tong,2026-04-23,22:47:02,-07:00,2026-04-23T22:47:02-07:00,2,59
global.js,110,js,32e95afe,Jazely Tong,2026-04-23,22:47:02,-07:00,2026-04-23T22:47:02-07:00,1,0
global.js,111,js,32e95afe,Jazely Tong,2026-04-23,22:47:02,-07:00,2026-04-23T22:47:02-07:00,0,0
global.js,112,js,32e95afe,Jazely Tong,2026-04-23,22:47:02,-07:00,2026-04-23T22:47:02-07:00,0,0
global.js,113,js,32e95afe,Jazely Tong,2026-04-23,22:47:02,-07:00,2026-04-23T22:47:02-07:00,0,79
global.js,114,js,32e95afe,Jazely Tong,2026-04-23,22:47:02,-07:00,2026-04-23T22:47:02-07:00,1,30
global.js,115,js,32e95afe,Jazely Tong,2026-04-23,22:47:02,-07:00,2026-04-23T22:47:02-07:00,0,0
global.js,116,js,32e95afe,Jazely Tong,2026-04-23,22:47:02,-07:00,2026-04-23T22:47:02-07:00,1,29
global.js,117,js,32e95afe,Jazely Tong,2026-04-23,22:47:02,-07:00,2026-04-23T22:47:02-07:00,2,48
global.js,118,js,32e95afe,Jazely Tong,2026-04-23,22:47:02,-07:00,2026-04-23T22:47:02-07:00,0,0
global.js,119,js,32e95afe,Jazely Tong,2026-04-23,22:47:02,-07:00,2026-04-23T22:47:02-07:00,2,19
global.js,120,js,97bd37cc,Jazely Tong,2026-04-29,18:59:25,-07:00,2026-04-29T18:59:25-07:00,2,49
global.js,121,js,97bd37cc,Jazely Tong,2026-04-29,18:59:25,-07:00,2026-04-29T18:59:25-07:00,2,49
global.js,122,js,97bd37cc,Jazely Tong,2026-04-29,18:59:25,-07:00,2026-04-29T18:59:25-07:00,2,3
global.js,123,js,32e95afe,Jazely Tong,2026-04-23,22:47:02,-07:00,2026-04-23T22:47:02-07:00,3,27
global.js,124,js,97bd37cc,Jazely Tong,2026-04-29,18:59:25,-07:00,2026-04-29T18:59:25-07:00,3,33
global.js,125,js,97bd37cc,Jazely Tong,2026-04-29,18:59:25,-07:00,2026-04-29T18:59:25-07:00,2,4
global.js,126,js,97bd37cc,Jazely Tong,2026-04-29,18:59:25,-07:00,2026-04-29T18:59:25-07:00,1,0
global.js,127,js,32e95afe,Jazely Tong,2026-04-23,22:47:02,-07:00,2026-04-23T22:47:02-07:00,0,0
global.js,128,js,32e95afe,Jazely Tong,2026-04-23,22:47:02,-07:00,2026-04-23T22:47:02-07:00,2,36
global.js,129,js,32e95afe,Jazely Tong,2026-04-23,22:47:02,-07:00,2026-04-23T22:47:02-07:00,1,0
global.js,130,js,32e95afe,Jazely Tong,2026-04-23,22:47:02,-07:00,2026-04-23T22:47:02-07:00,0,0
global.js,131,js,32e95afe,Jazely Tong,2026-04-23,22:47:02,-07:00,2026-04-23T22:47:02-07:00,0,0
global.js,132,js,32e95afe,Jazely Tong,2026-04-23,22:47:02,-07:00,2026-04-23T22:47:02-07:00,0,47
global.js,133,js,32e95afe,Jazely Tong,2026-04-23,22:47:02,-07:00,2026-04-23T22:47:02-07:00,1,59
global.js,134,js,32e95afe,Jazely Tong,2026-04-23,22:47:02,-07:00,2026-04-23T22:47:02-07:00,0,0
resume/index.html,1,html,4995cd72,Jazely Tong,2026-04-03,13:10:26,-07:00,2026-04-03T13:10:26-07:00,0,13
resume/index.html,2,html,4995cd72,Jazely Tong,2026-04-03,13:10:26,-07:00,2026-04-03T13:10:26-07:00,0,14
resume/index.html,3,html,4995cd72,Jazely Tong,2026-04-03,13:10:26,-07:00,2026-04-03T13:10:26-07:00,0,4
resume/index.html,4,html,4995cd72,Jazely Tong,2026-04-03,13:10:26,-07:00,2026-04-03T13:10:26-07:00,2,20
resume/index.html,5,html,4995cd72,Jazely Tong,2026-04-03,13:10:26,-07:00,2026-04-03T13:10:26-07:00,2,68
resume/index.html,6,html,4995cd72,Jazely Tong,2026-04-03,13:10:26,-07:00,2026-04-03T13:10:26-07:00,2,19
resume/index.html,7,html,4995cd72,Jazely Tong,2026-04-03,13:10:26,-07:00,2026-04-03T13:10:26-07:00,2,41
resume/index.html,8,html,0938b5dc,Jazely Tong,2026-04-17,12:56:16,-07:00,2026-04-17T12:56:16-07:00,2,48
resume/index.html,9,html,4995cd72,Jazely Tong,2026-04-03,13:10:26,-07:00,2026-04-03T13:10:26-07:00,0,5
resume/index.html,10,html,4995cd72,Jazely Tong,2026-04-03,13:10:26,-07:00,2026-04-03T13:10:26-07:00,0,4
resume/index.html,11,html,0938b5dc,Jazely Tong,2026-04-17,12:56:16,-07:00,2026-04-17T12:56:16-07:00,1,0
resume/index.html,12,html,4995cd72,Jazely Tong,2026-04-03,13:10:26,-07:00,2026-04-03T13:10:26-07:00,0,0
resume/index.html,13,html,4995cd72,Jazely Tong,2026-04-03,13:10:26,-07:00,2026-04-03T13:10:26-07:00,2,13
resume/index.html,14,html,d52db084,Jazely Tong,2026-04-03,14:18:08,-07:00,2026-04-03T14:18:08-07:00,2,0
resume/index.html,15,html,4995cd72,Jazely Tong,2026-04-03,13:10:26,-07:00,2026-04-03T13:10:26-07:00,2,7
resume/index.html,16,html,4995cd72,Jazely Tong,2026-04-03,13:10:26,-07:00,2026-04-03T13:10:26-07:00,4,16
resume/index.html,17,html,4995cd72,Jazely Tong,2026-04-03,13:10:26,-07:00,2026-04-03T13:10:26-07:00,4,7
resume/index.html,18,html,4995cd72,Jazely Tong,2026-04-03,13:10:26,-07:00,2026-04-03T13:10:26-07:00,6,6
resume/index.html,19,html,d52db084,Jazely Tong,2026-04-03,14:18:08,-07:00,2026-04-03T14:18:08-07:00,8,55
resume/index.html,20,html,d52db084,Jazely Tong,2026-04-03,14:18:08,-07:00,2026-04-03T14:18:08-07:00,8,23
resume/index.html,21,html,d52db084,Jazely Tong,2026-04-03,14:18:08,-07:00,2026-04-03T14:18:08-07:00,8,17
resume/index.html,22,html,56321702,Jazely Tong,2026-04-03,15:09:40,-07:00,2026-04-03T15:09:40-07:00,8,1
resume/index.html,23,html,56321702,Jazely Tong,2026-04-03,15:09:40,-07:00,2026-04-03T15:09:40-07:00,10,41
resume/index.html,24,html,56321702,Jazely Tong,2026-04-03,15:09:40,-07:00,2026-04-03T15:09:40-07:00,10,48
resume/index.html,25,html,56321702,Jazely Tong,2026-04-03,15:09:40,-07:00,2026-04-03T15:09:40-07:00,8,2
resume/index.html,26,html,4995cd72,Jazely Tong,2026-04-03,13:10:26,-07:00,2026-04-03T13:10:26-07:00,6,7
resume/index.html,27,html,4995cd72,Jazely Tong,2026-04-03,13:10:26,-07:00,2026-04-03T13:10:26-07:00,4,8
resume/index.html,28,html,4995cd72,Jazely Tong,2026-04-03,13:10:26,-07:00,2026-04-03T13:10:26-07:00,2,8
resume/index.html,29,html,4995cd72,Jazely Tong,2026-04-03,13:10:26,-07:00,2026-04-03T13:10:26-07:00,0,0
resume/index.html,30,html,4995cd72,Jazely Tong,2026-04-03,13:10:26,-07:00,2026-04-03T13:10:26-07:00,2,7
resume/index.html,31,html,4995cd72,Jazely Tong,2026-04-03,13:10:26,-07:00,2026-04-03T13:10:26-07:00,4,17
resume/index.html,32,html,4995cd72,Jazely Tong,2026-04-03,13:10:26,-07:00,2026-04-03T13:10:26-07:00,0,0
resume/index.html,33,html,4995cd72,Jazely Tong,2026-04-03,13:10:26,-07:00,2026-04-03T13:10:26-07:00,4,7
resume/index.html,34,html,4995cd72,Jazely Tong,2026-04-03,13:10:26,-07:00,2026-04-03T13:10:26-07:00,6,6
resume/index.html,35,html,d52db084,Jazely Tong,2026-04-03,14:18:08,-07:00,2026-04-03T14:18:08-07:00,8,30
resume/index.html,36,html,d52db084,Jazely Tong,2026-04-03,14:18:08,-07:00,2026-04-03T14:18:08-07:00,8,68
resume/index.html,37,html,4995cd72,Jazely Tong,2026-04-03,13:10:26,-07:00,2026-04-03T13:10:26-07:00,8,1
resume/index.html,38,html,d52db084,Jazely Tong,2026-04-03,14:18:08,-07:00,2026-04-03T14:18:08-07:00,10,41
resume/index.html,39,html,d52db084,Jazely Tong,2026-04-03,14:18:08,-07:00,2026-04-03T14:18:08-07:00,10,38
resume/index.html,40,html,4995cd72,Jazely Tong,2026-04-03,13:10:26,-07:00,2026-04-03T13:10:26-07:00,8,2
resume/index.html,41,html,4995cd72,Jazely Tong,2026-04-03,13:10:26,-07:00,2026-04-03T13:10:26-07:00,6,7
resume/index.html,42,html,4995cd72,Jazely Tong,2026-04-03,13:10:26,-07:00,2026-04-03T13:10:26-07:00,6,2
resume/index.html,43,html,d52db084,Jazely Tong,2026-04-03,14:18:08,-07:00,2026-04-03T14:18:08-07:00,8,155
resume/index.html,44,html,d52db084,Jazely Tong,2026-04-03,14:18:08,-07:00,2026-04-03T14:18:08-07:00,8,111
resume/index.html,45,html,4995cd72,Jazely Tong,2026-04-03,13:10:26,-07:00,2026-04-03T13:10:26-07:00,6,3
resume/index.html,46,html,4995cd72,Jazely Tong,2026-04-03,13:10:26,-07:00,2026-04-03T13:10:26-07:00,4,8
resume/index.html,47,html,4995cd72,Jazely Tong,2026-04-03,13:10:26,-07:00,2026-04-03T13:10:26-07:00,0,0
resume/index.html,48,html,4995cd72,Jazely Tong,2026-04-03,13:10:26,-07:00,2026-04-03T13:10:26-07:00,4,7
resume/index.html,49,html,4995cd72,Jazely Tong,2026-04-03,13:10:26,-07:00,2026-04-03T13:10:26-07:00,6,6
resume/index.html,50,html,d52db084,Jazely Tong,2026-04-03,14:18:08,-07:00,2026-04-03T14:18:08-07:00,8,22
resume/index.html,51,html,d52db084,Jazely Tong,2026-04-03,14:18:08,-07:00,2026-04-03T14:18:08-07:00,8,29
resume/index.html,52,html,4995cd72,Jazely Tong,2026-04-03,13:10:26,-07:00,2026-04-03T13:10:26-07:00,8,1
resume/index.html,53,html,d52db084,Jazely Tong,2026-04-03,14:18:08,-07:00,2026-04-03T14:18:08-07:00,10,40
resume/index.html,54,html,d52db084,Jazely Tong,2026-04-03,14:18:08,-07:00,2026-04-03T14:18:08-07:00,10,39
resume/index.html,55,html,4995cd72,Jazely Tong,2026-04-03,13:10:26,-07:00,2026-04-03T13:10:26-07:00,8,2
resume/index.html,56,html,4995cd72,Jazely Tong,2026-04-03,13:10:26,-07:00,2026-04-03T13:10:26-07:00,6,7
resume/index.html,57,html,4995cd72,Jazely Tong,2026-04-03,13:10:26,-07:00,2026-04-03T13:10:26-07:00,6,2
resume/index.html,58,html,d52db084,Jazely Tong,2026-04-03,14:18:08,-07:00,2026-04-03T14:18:08-07:00,8,187
resume/index.html,59,html,d52db084,Jazely Tong,2026-04-03,14:18:08,-07:00,2026-04-03T14:18:08-07:00,8,162
resume/index.html,60,html,d52db084,Jazely Tong,2026-04-03,14:18:08,-07:00,2026-04-03T14:18:08-07:00,8,147
resume/index.html,61,html,4995cd72,Jazely Tong,2026-04-03,13:10:26,-07:00,2026-04-03T13:10:26-07:00,6,3
resume/index.html,62,html,4995cd72,Jazely Tong,2026-04-03,13:10:26,-07:00,2026-04-03T13:10:26-07:00,4,8
resume/index.html,63,html,4995cd72,Jazely Tong,2026-04-03,13:10:26,-07:00,2026-04-03T13:10:26-07:00,0,0
resume/index.html,64,html,d52db084,Jazely Tong,2026-04-03,14:18:08,-07:00,2026-04-03T14:18:08-07:00,4,7
resume/index.html,65,html,d52db084,Jazely Tong,2026-04-03,14:18:08,-07:00,2026-04-03T14:18:08-07:00,6,6
resume/index.html,66,html,d52db084,Jazely Tong,2026-04-03,14:18:08,-07:00,2026-04-03T14:18:08-07:00,8,47
resume/index.html,67,html,d52db084,Jazely Tong,2026-04-03,14:18:08,-07:00,2026-04-03T14:18:08-07:00,8,55
resume/index.html,68,html,d52db084,Jazely Tong,2026-04-03,14:18:08,-07:00,2026-04-03T14:18:08-07:00,8,1
resume/index.html,69,html,d52db084,Jazely Tong,2026-04-03,14:18:08,-07:00,2026-04-03T14:18:08-07:00,10,40
resume/index.html,70,html,d52db084,Jazely Tong,2026-04-03,14:18:08,-07:00,2026-04-03T14:18:08-07:00,10,38
resume/index.html,71,html,d52db084,Jazely Tong,2026-04-03,14:18:08,-07:00,2026-04-03T14:18:08-07:00,8,2
resume/index.html,72,html,d52db084,Jazely Tong,2026-04-03,14:18:08,-07:00,2026-04-03T14:18:08-07:00,6,7
resume/index.html,73,html,d52db084,Jazely Tong,2026-04-03,14:18:08,-07:00,2026-04-03T14:18:08-07:00,6,2
resume/index.html,74,html,d52db084,Jazely Tong,2026-04-03,14:18:08,-07:00,2026-04-03T14:18:08-07:00,8,107
resume/index.html,75,html,d52db084,Jazely Tong,2026-04-03,14:18:08,-07:00,2026-04-03T14:18:08-07:00,8,99
resume/index.html,76,html,d52db084,Jazely Tong,2026-04-03,14:18:08,-07:00,2026-04-03T14:18:08-07:00,8,111
resume/index.html,77,html,d52db084,Jazely Tong,2026-04-03,14:18:08,-07:00,2026-04-03T14:18:08-07:00,6,3
resume/index.html,78,html,d52db084,Jazely Tong,2026-04-03,14:18:08,-07:00,2026-04-03T14:18:08-07:00,4,8
resume/index.html,79,html,4995cd72,Jazely Tong,2026-04-03,13:10:26,-07:00,2026-04-03T13:10:26-07:00,0,0
resume/index.html,80,html,4995cd72,Jazely Tong,2026-04-03,13:10:26,-07:00,2026-04-03T13:10:26-07:00,4,7
resume/index.html,81,html,4995cd72,Jazely Tong,2026-04-03,13:10:26,-07:00,2026-04-03T13:10:26-07:00,6,6
resume/index.html,82,html,d52db084,Jazely Tong,2026-04-03,14:18:08,-07:00,2026-04-03T14:18:08-07:00,8,42
resume/index.html,83,html,d52db084,Jazely Tong,2026-04-03,14:18:08,-07:00,2026-04-03T14:18:08-07:00,8,65
resume/index.html,84,html,d52db084,Jazely Tong,2026-04-03,14:18:08,-07:00,2026-04-03T14:18:08-07:00,8,36
resume/index.html,85,html,d52db084,Jazely Tong,2026-04-03,14:18:08,-07:00,2026-04-03T14:18:08-07:00,8,1
resume/index.html,86,html,d52db084,Jazely Tong,2026-04-03,14:18:08,-07:00,2026-04-03T14:18:08-07:00,10,40
resume/index.html,87,html,d52db084,Jazely Tong,2026-04-03,14:18:08,-07:00,2026-04-03T14:18:08-07:00,10,38
resume/index.html,88,html,d52db084,Jazely Tong,2026-04-03,14:18:08,-07:00,2026-04-03T14:18:08-07:00,8,2
resume/index.html,89,html,4995cd72,Jazely Tong,2026-04-03,13:10:26,-07:00,2026-04-03T13:10:26-07:00,6,7
resume/index.html,90,html,d52db084,Jazely Tong,2026-04-03,14:18:08,-07:00,2026-04-03T14:18:08-07:00,6,2
resume/index.html,91,html,d52db084,Jazely Tong,2026-04-03,14:18:08,-07:00,2026-04-03T14:18:08-07:00,8,159
resume/index.html,92,html,d52db084,Jazely Tong,2026-04-03,14:18:08,-07:00,2026-04-03T14:18:08-07:00,8,104
resume/index.html,93,html,d52db084,Jazely Tong,2026-04-03,14:18:08,-07:00,2026-04-03T14:18:08-07:00,8,137
resume/index.html,94,html,d52db084,Jazely Tong,2026-04-03,14:18:08,-07:00,2026-04-03T14:18:08-07:00,8,117
resume/index.html,95,html,d52db084,Jazely Tong,2026-04-03,14:18:08,-07:00,2026-04-03T14:18:08-07:00,6,3
resume/index.html,96,html,4995cd72,Jazely Tong,2026-04-03,13:10:26,-07:00,2026-04-03T13:10:26-07:00,4,8
resume/index.html,97,html,d52db084,Jazely Tong,2026-04-03,14:18:08,-07:00,2026-04-03T14:18:08-07:00,2,8
resume/index.html,98,html,d52db084,Jazely Tong,2026-04-03,14:18:08,-07:00,2026-04-03T14:18:08-07:00,0,0
resume/index.html,99,html,4995cd72,Jazely Tong,2026-04-03,13:10:26,-07:00,2026-04-03T13:10:26-07:00,2,7
resume/index.html,100,html,4995cd72,Jazely Tong,2026-04-03,13:10:26,-07:00,2026-04-03T13:10:26-07:00,4,13
resume/index.html,101,html,4995cd72,Jazely Tong,2026-04-03,13:10:26,-07:00,2026-04-03T13:10:26-07:00,4,2
resume/index.html,102,html,4995cd72,Jazely Tong,2026-04-03,13:10:26,-07:00,2026-04-03T13:10:26-07:00,6,13
resume/index.html,103,html,4995cd72,Jazely Tong,2026-04-03,13:10:26,-07:00,2026-04-03T13:10:26-07:00,6,11
resume/index.html,104,html,d52db084,Jazely Tong,2026-04-03,14:18:08,-07:00,2026-04-03T14:18:08-07:00,6,10
resume/index.html,105,html,d52db084,Jazely Tong,2026-04-03,14:18:08,-07:00,2026-04-03T14:18:08-07:00,6,13
resume/index.html,106,html,d52db084,Jazely Tong,2026-04-03,14:18:08,-07:00,2026-04-03T14:18:08-07:00,6,17
resume/index.html,107,html,4995cd72,Jazely Tong,2026-04-03,13:10:26,-07:00,2026-04-03T13:10:26-07:00,6,20
resume/index.html,108,html,4995cd72,Jazely Tong,2026-04-03,13:10:26,-07:00,2026-04-03T13:10:26-07:00,6,15
resume/index.html,109,html,4995cd72,Jazely Tong,2026-04-03,13:10:26,-07:00,2026-04-03T13:10:26-07:00,6,20
resume/index.html,110,html,4995cd72,Jazely Tong,2026-04-03,13:10:26,-07:00,2026-04-03T13:10:26-07:00,4,3
resume/index.html,111,html,4995cd72,Jazely Tong,2026-04-03,13:10:26,-07:00,2026-04-03T13:10:26-07:00,2,8
resume/index.html,112,html,4995cd72,Jazely Tong,2026-04-03,13:10:26,-07:00,2026-04-03T13:10:26-07:00,0,5
resume/index.html,113,html,4995cd72,Jazely Tong,2026-04-03,13:10:26,-07:00,2026-04-03T13:10:26-07:00,0,5
projects/projects.js,1,js,829dbe9a,Jazely Tong,2026-05-01,00:10:46,-07:00,2026-05-01T00:10:46-07:00,0,63
projects/projects.js,2,js,32e95afe,Jazely Tong,2026-04-23,22:47:02,-07:00,2026-04-23T22:47:02-07:00,0,55
projects/projects.js,3,js,32e95afe,Jazely Tong,2026-04-23,22:47:02,-07:00,2026-04-23T22:47:02-07:00,0,0
projects/projects.js,4,js,32e95afe,Jazely Tong,2026-04-23,22:47:02,-07:00,2026-04-23T22:47:02-07:00,0,55
projects/projects.js,5,js,32e95afe,Jazely Tong,2026-04-23,22:47:02,-07:00,2026-04-23T22:47:02-07:00,0,0
projects/projects.js,6,js,32e95afe,Jazely Tong,2026-04-23,22:47:02,-07:00,2026-04-23T22:47:02-07:00,0,61
projects/projects.js,7,js,32e95afe,Jazely Tong,2026-04-23,22:47:02,-07:00,2026-04-23T22:47:02-07:00,0,55
projects/projects.js,8,js,32e95afe,Jazely Tong,2026-04-23,22:47:02,-07:00,2026-04-23T22:47:02-07:00,0,0
projects/projects.js,9,js,32e95afe,Jazely Tong,2026-04-23,22:47:02,-07:00,2026-04-23T22:47:02-07:00,0,60
projects/projects.js,10,js,32e95afe,Jazely Tong,2026-04-23,22:47:02,-07:00,2026-04-23T22:47:02-07:00,0,0
projects/projects.js,11,js,829dbe9a,Jazely Tong,2026-05-01,00:10:46,-07:00,2026-05-01T00:10:46-07:00,0,57
projects/projects.js,12,js,829dbe9a,Jazely Tong,2026-05-01,00:10:46,-07:00,2026-05-01T00:10:46-07:00,0,47
projects/projects.js,13,js,e7f8ddce,Jazely Tong,2026-05-01,00:45:39,-07:00,2026-05-01T00:45:39-07:00,0,22
projects/projects.js,14,js,59716877,Jazely Tong,2026-05-01,00:50:55,-07:00,2026-05-01T00:50:55-07:00,0,13
projects/projects.js,15,js,151404b1,Jazely Tong,2026-05-01,00:14:08,-07:00,2026-05-01T00:14:08-07:00,0,0
projects/projects.js,16,js,59716877,Jazely Tong,2026-05-01,00:50:55,-07:00,2026-05-01T00:50:55-07:00,0,30
projects/projects.js,17,js,151404b1,Jazely Tong,2026-05-01,00:14:08,-07:00,2026-05-01T00:14:08-07:00,1,35
projects/projects.js,18,js,151404b1,Jazely Tong,2026-05-01,00:14:08,-07:00,2026-05-01T00:14:08-07:00,2,59
projects/projects.js,19,js,59716877,Jazely Tong,2026-05-01,00:50:55,-07:00,2026-05-01T00:50:55-07:00,2,55
projects/projects.js,20,js,59716877,Jazely Tong,2026-05-01,00:50:55,-07:00,2026-05-01T00:50:55-07:00,2,71
projects/projects.js,21,js,59716877,Jazely Tong,2026-05-01,00:50:55,-07:00,2026-05-01T00:50:55-07:00,2,34
projects/projects.js,22,js,151404b1,Jazely Tong,2026-05-01,00:14:08,-07:00,2026-05-01T00:14:08-07:00,1,1
projects/projects.js,23,js,151404b1,Jazely Tong,2026-05-01,00:14:08,-07:00,2026-05-01T00:14:08-07:00,0,0
projects/projects.js,24,js,829dbe9a,Jazely Tong,2026-05-01,00:10:46,-07:00,2026-05-01T00:10:46-07:00,0,0
projects/projects.js,25,js,59716877,Jazely Tong,2026-05-01,00:50:55,-07:00,2026-05-01T00:50:55-07:00,0,25
projects/projects.js,26,js,829dbe9a,Jazely Tong,2026-05-01,00:10:46,-07:00,2026-05-01T00:10:46-07:00,1,26
projects/projects.js,27,js,59716877,Jazely Tong,2026-05-01,00:50:55,-07:00,2026-05-01T00:50:55-07:00,2,7
projects/projects.js,28,js,829dbe9a,Jazely Tong,2026-05-01,00:10:46,-07:00,2026-05-01T00:10:46-07:00,2,14
projects/projects.js,29,js,829dbe9a,Jazely Tong,2026-05-01,00:10:46,-07:00,2026-05-01T00:10:46-07:00,2,11
projects/projects.js,30,js,829dbe9a,Jazely Tong,2026-05-01,00:10:46,-07:00,2026-05-01T00:10:46-07:00,1,0
projects/projects.js,31,js,829dbe9a,Jazely Tong,2026-05-01,00:10:46,-07:00,2026-05-01T00:10:46-07:00,0,0
projects/projects.js,32,js,e7f8ddce,Jazely Tong,2026-05-01,00:45:39,-07:00,2026-05-01T00:45:39-07:00,1,44
projects/projects.js,33,js,829dbe9a,Jazely Tong,2026-05-01,00:10:46,-07:00,2026-05-01T00:10:46-07:00,2,35
projects/projects.js,34,js,829dbe9a,Jazely Tong,2026-05-01,00:10:46,-07:00,2026-05-01T00:10:46-07:00,1,1
projects/projects.js,35,js,829dbe9a,Jazely Tong,2026-05-01,00:10:46,-07:00,2026-05-01T00:10:46-07:00,0,0
projects/projects.js,36,js,829dbe9a,Jazely Tong,2026-05-01,00:10:46,-07:00,2026-05-01T00:10:46-07:00,1,50
projects/projects.js,37,js,e7f8ddce,Jazely Tong,2026-05-01,00:45:39,-07:00,2026-05-01T00:45:39-07:00,1,33
projects/projects.js,38,js,829dbe9a,Jazely Tong,2026-05-01,00:10:46,-07:00,2026-05-01T00:10:46-07:00,1,45
projects/projects.js,39,js,829dbe9a,Jazely Tong,2026-05-01,00:10:46,-07:00,2026-05-01T00:10:46-07:00,0,0
projects/projects.js,40,js,829dbe9a,Jazely Tong,2026-05-01,00:10:46,-07:00,2026-05-01T00:10:46-07:00,1,40
projects/projects.js,41,js,829dbe9a,Jazely Tong,2026-05-01,00:10:46,-07:00,2026-05-01T00:10:46-07:00,1,29
projects/projects.js,42,js,829dbe9a,Jazely Tong,2026-05-01,00:10:46,-07:00,2026-05-01T00:10:46-07:00,0,0
projects/projects.js,43,js,829dbe9a,Jazely Tong,2026-05-01,00:10:46,-07:00,2026-05-01T00:10:46-07:00,1,32
projects/projects.js,44,js,829dbe9a,Jazely Tong,2026-05-01,00:10:46,-07:00,2026-05-01T00:10:46-07:00,1,30
projects/projects.js,45,js,829dbe9a,Jazely Tong,2026-05-01,00:10:46,-07:00,2026-05-01T00:10:46-07:00,0,0
projects/projects.js,46,js,829dbe9a,Jazely Tong,2026-05-01,00:10:46,-07:00,2026-05-01T00:10:46-07:00,1,24
projects/projects.js,47,js,e7f8ddce,Jazely Tong,2026-05-01,00:45:39,-07:00,2026-05-01T00:45:39-07:00,2,23
projects/projects.js,48,js,e7f8ddce,Jazely Tong,2026-05-01,00:45:39,-07:00,2026-05-01T00:45:39-07:00,0,0
projects/projects.js,49,js,829dbe9a,Jazely Tong,2026-05-01,00:10:46,-07:00,2026-05-01T00:10:46-07:00,2,1
projects/projects.js,50,js,829dbe9a,Jazely Tong,2026-05-01,00:10:46,-07:00,2026-05-01T00:10:46-07:00,3,13
projects/projects.js,51,js,829dbe9a,Jazely Tong,2026-05-01,00:10:46,-07:00,2026-05-01T00:10:46-07:00,3,13
projects/projects.js,52,js,829dbe9a,Jazely Tong,2026-05-01,00:10:46,-07:00,2026-05-01T00:10:46-07:00,3,22
projects/projects.js,53,js,e7f8ddce,Jazely Tong,2026-05-01,00:45:39,-07:00,2026-05-01T00:45:39-07:00,3,53
projects/projects.js,54,js,829dbe9a,Jazely Tong,2026-05-01,00:10:46,-07:00,2026-05-01T00:10:46-07:00,3,18
projects/projects.js,55,js,e7f8ddce,Jazely Tong,2026-05-01,00:45:39,-07:00,2026-05-01T00:45:39-07:00,4,49
projects/projects.js,56,js,59716877,Jazely Tong,2026-05-01,00:50:55,-07:00,2026-05-01T00:50:55-07:00,4,61
projects/projects.js,57,js,59716877,Jazely Tong,2026-05-01,00:50:55,-07:00,2026-05-01T00:50:55-07:00,4,15
projects/projects.js,58,js,829dbe9a,Jazely Tong,2026-05-01,00:10:46,-07:00,2026-05-01T00:10:46-07:00,3,1
projects/projects.js,59,js,829dbe9a,Jazely Tong,2026-05-01,00:10:46,-07:00,2026-05-01T00:10:46-07:00,1,1
projects/projects.js,60,js,829dbe9a,Jazely Tong,2026-05-01,00:10:46,-07:00,2026-05-01T00:10:46-07:00,0,0
projects/projects.js,61,js,e7f8ddce,Jazely Tong,2026-05-01,00:45:39,-07:00,2026-05-01T00:45:39-07:00,1,24
projects/projects.js,62,js,829dbe9a,Jazely Tong,2026-05-01,00:10:46,-07:00,2026-05-01T00:10:46-07:00,2,4
projects/projects.js,63,js,829dbe9a,Jazely Tong,2026-05-01,00:10:46,-07:00,2026-05-01T00:10:46-07:00,3,11
projects/projects.js,64,js,829dbe9a,Jazely Tong,2026-05-01,00:10:46,-07:00,2026-05-01T00:10:46-07:00,3,38
projects/projects.js,65,js,e7f8ddce,Jazely Tong,2026-05-01,00:45:39,-07:00,2026-05-01T00:45:39-07:00,3,56
projects/projects.js,66,js,151404b1,Jazely Tong,2026-05-01,00:14:08,-07:00,2026-05-01T00:14:08-07:00,3,69
projects/projects.js,67,js,829dbe9a,Jazely Tong,2026-05-01,00:10:46,-07:00,2026-05-01T00:10:46-07:00,1,1
projects/projects.js,68,js,829dbe9a,Jazely Tong,2026-05-01,00:10:46,-07:00,2026-05-01T00:10:46-07:00,0,0
projects/projects.js,69,js,829dbe9a,Jazely Tong,2026-05-01,00:10:46,-07:00,2026-05-01T00:10:46-07:00,0,0
projects/projects.js,70,js,59716877,Jazely Tong,2026-05-01,00:50:55,-07:00,2026-05-01T00:50:55-07:00,0,61
projects/projects.js,71,js,59716877,Jazely Tong,2026-05-01,00:50:55,-07:00,2026-05-01T00:50:55-07:00,0,15
projects/projects.js,72,js,829dbe9a,Jazely Tong,2026-05-01,00:10:46,-07:00,2026-05-01T00:10:46-07:00,0,0
projects/projects.js,73,js,829dbe9a,Jazely Tong,2026-05-01,00:10:46,-07:00,2026-05-01T00:10:46-07:00,0,53
projects/projects.js,74,js,829dbe9a,Jazely Tong,2026-05-01,00:10:46,-07:00,2026-05-01T00:10:46-07:00,0,0
projects/projects.js,75,js,829dbe9a,Jazely Tong,2026-05-01,00:10:46,-07:00,2026-05-01T00:10:46-07:00,0,49
projects/projects.js,76,js,829dbe9a,Jazely Tong,2026-05-01,00:10:46,-07:00,2026-05-01T00:10:46-07:00,1,25
projects/projects.js,77,js,59716877,Jazely Tong,2026-05-01,00:50:55,-07:00,2026-05-01T00:50:55-07:00,1,61
projects/projects.js,78,js,59716877,Jazely Tong,2026-05-01,00:50:55,-07:00,2026-05-01T00:50:55-07:00,1,15
projects/projects.js,79,js,a2f19538,Jazely Tong,2026-05-01,00:51:22,-07:00,2026-05-01T00:51:22-07:00,0,1
projects/index.html,1,html,bdf82b3e,Jazely Tong,2026-04-03,10:43:35,-07:00,2026-04-03T10:43:35-07:00,0,13
projects/index.html,2,html,bdf82b3e,Jazely Tong,2026-04-03,10:43:35,-07:00,2026-04-03T10:43:35-07:00,0,14
projects/index.html,3,html,bdf82b3e,Jazely Tong,2026-04-03,10:43:35,-07:00,2026-04-03T10:43:35-07:00,0,4
projects/index.html,4,html,829dbe9a,Jazely Tong,2026-05-01,00:10:46,-07:00,2026-05-01T00:10:46-07:00,1,20
projects/index.html,5,html,829dbe9a,Jazely Tong,2026-05-01,00:10:46,-07:00,2026-05-01T00:10:46-07:00,1,68
projects/index.html,6,html,829dbe9a,Jazely Tong,2026-05-01,00:10:46,-07:00,2026-05-01T00:10:46-07:00,1,21
projects/index.html,7,html,829dbe9a,Jazely Tong,2026-05-01,00:10:46,-07:00,2026-05-01T00:10:46-07:00,0,0
projects/index.html,8,html,829dbe9a,Jazely Tong,2026-05-01,00:10:46,-07:00,2026-05-01T00:10:46-07:00,1,41
projects/index.html,9,html,829dbe9a,Jazely Tong,2026-05-01,00:10:46,-07:00,2026-05-01T00:10:46-07:00,0,0
projects/index.html,10,html,829dbe9a,Jazely Tong,2026-05-01,00:10:46,-07:00,2026-05-01T00:10:46-07:00,1,48
projects/index.html,11,html,829dbe9a,Jazely Tong,2026-05-01,00:10:46,-07:00,2026-05-01T00:10:46-07:00,1,47
projects/index.html,12,html,bdf82b3e,Jazely Tong,2026-04-03,10:43:35,-07:00,2026-04-03T10:43:35-07:00,0,5
projects/index.html,13,html,829dbe9a,Jazely Tong,2026-05-01,00:10:46,-07:00,2026-05-01T00:10:46-07:00,0,0
projects/index.html,14,html,bdf82b3e,Jazely Tong,2026-04-03,10:43:35,-07:00,2026-04-03T10:43:35-07:00,0,4
projects/index.html,15,html,bdf82b3e,Jazely Tong,2026-04-03,10:43:35,-07:00,2026-04-03T10:43:35-07:00,0,0
projects/index.html,16,html,829dbe9a,Jazely Tong,2026-05-01,00:10:46,-07:00,2026-05-01T00:10:46-07:00,1,38
projects/index.html,17,html,829dbe9a,Jazely Tong,2026-05-01,00:10:46,-07:00,2026-05-01T00:10:46-07:00,0,0
projects/index.html,18,html,829dbe9a,Jazely Tong,2026-05-01,00:10:46,-07:00,2026-05-01T00:10:46-07:00,1,21
projects/index.html,19,html,829dbe9a,Jazely Tong,2026-05-01,00:10:46,-07:00,2026-05-01T00:10:46-07:00,2,58
projects/index.html,20,html,829dbe9a,Jazely Tong,2026-05-01,00:10:46,-07:00,2026-05-01T00:10:46-07:00,2,22
projects/index.html,21,html,829dbe9a,Jazely Tong,2026-05-01,00:10:46,-07:00,2026-05-01T00:10:46-07:00,0,4
projects/index.html,22,html,829dbe9a,Jazely Tong,2026-05-01,00:10:46,-07:00,2026-05-01T00:10:46-07:00,0,0
projects/index.html,23,html,829dbe9a,Jazely Tong,2026-05-01,00:10:46,-07:00,2026-05-01T00:10:46-07:00,0,4
projects/index.html,24,html,829dbe9a,Jazely Tong,2026-05-01,00:10:46,-07:00,2026-05-01T00:10:46-07:00,2,15
projects/index.html,25,html,829dbe9a,Jazely Tong,2026-05-01,00:10:46,-07:00,2026-05-01T00:10:46-07:00,2,11
projects/index.html,26,html,829dbe9a,Jazely Tong,2026-05-01,00:10:46,-07:00,2026-05-01T00:10:46-07:00,2,26
projects/index.html,27,html,829dbe9a,Jazely Tong,2026-05-01,00:10:46,-07:00,2026-05-01T00:10:46-07:00,2,29
projects/index.html,28,html,829dbe9a,Jazely Tong,2026-05-01,00:10:46,-07:00,2026-05-01T00:10:46-07:00,0,0
projects/index.html,29,html,4c0ef205,Jazely Tong,2026-04-03,15:12:03,-07:00,2026-04-03T15:12:03-07:00,0,0
projects/index.html,30,html,829dbe9a,Jazely Tong,2026-05-01,00:10:46,-07:00,2026-05-01T00:10:46-07:00,0,26
projects/index.html,31,html,4c0ef205,Jazely Tong,2026-04-03,15:12:03,-07:00,2026-04-03T15:12:03-07:00,0,0
projects/index.html,32,html,32e95afe,Jazely Tong,2026-04-23,22:47:02,-07:00,2026-04-23T22:47:02-07:00,0,5
projects/index.html,33,html,32e95afe,Jazely Tong,2026-04-23,22:47:02,-07:00,2026-04-23T22:47:02-07:00,0,5
meta/index.html,1,html,94eb4e8d,Jazely Tong,2026-05-04,22:53:32,-07:00,2026-05-04T22:53:32-07:00,0,13
meta/index.html,2,html,94eb4e8d,Jazely Tong,2026-05-04,22:53:32,-07:00,2026-05-04T22:53:32-07:00,0,14
meta/index.html,3,html,94eb4e8d,Jazely Tong,2026-05-04,22:53:32,-07:00,2026-05-04T22:53:32-07:00,0,4
meta/index.html,4,html,94eb4e8d,Jazely Tong,2026-05-04,22:53:32,-07:00,2026-05-04T22:53:32-07:00,1,22
meta/index.html,5,html,94eb4e8d,Jazely Tong,2026-05-04,22:53:32,-07:00,2026-05-04T22:53:32-07:00,1,70
meta/index.html,6,html,94eb4e8d,Jazely Tong,2026-05-04,22:53:32,-07:00,2026-05-04T22:53:32-07:00,1,17
meta/index.html,7,html,94eb4e8d,Jazely Tong,2026-05-04,22:53:32,-07:00,2026-05-04T22:53:32-07:00,1,43
meta/index.html,8,html,94eb4e8d,Jazely Tong,2026-05-04,22:53:32,-07:00,2026-05-04T22:53:32-07:00,1,48
meta/index.html,9,html,00000000,Not Committed Yet,2026-05-06,00:14:52,-07:00,2026-05-06T00:14:52-07:00,1,43
meta/index.html,10,html,94eb4e8d,Jazely Tong,2026-05-04,22:53:32,-07:00,2026-05-04T22:53:32-07:00,0,5
meta/index.html,11,html,94eb4e8d,Jazely Tong,2026-05-04,22:53:32,-07:00,2026-05-04T22:53:32-07:00,0,4
meta/index.html,12,html,94eb4e8d,Jazely Tong,2026-05-04,22:53:32,-07:00,2026-05-04T22:53:32-07:00,1,11
meta/index.html,13,html,94eb4e8d,Jazely Tong,2026-05-04,22:53:32,-07:00,2026-05-04T22:53:32-07:00,1,61
meta/index.html,14,html,00000000,Not Committed Yet,2026-05-06,00:14:52,-07:00,2026-05-06T00:14:52-07:00,0,0
meta/index.html,15,html,00000000,Not Committed Yet,2026-05-06,00:14:52,-07:00,2026-05-06T00:14:52-07:00,1,20
meta/index.html,16,html,00000000,Not Committed Yet,2026-05-06,00:14:52,-07:00,2026-05-06T00:14:52-07:00,0,0
meta/index.html,17,html,00000000,Not Committed Yet,2026-05-06,00:14:52,-07:00,2026-05-06T00:14:52-07:00,1,29
meta/index.html,18,html,00000000,Not Committed Yet,2026-05-06,00:14:52,-07:00,2026-05-06T00:14:52-07:00,1,45
meta/index.html,19,html,00000000,Not Committed Yet,2026-05-06,00:14:52,-07:00,2026-05-06T00:14:52-07:00,1,45
meta/index.html,20,html,00000000,Not Committed Yet,2026-05-06,00:14:52,-07:00,2026-05-06T00:14:52-07:00,1,20
meta/index.html,21,html,00000000,Not Committed Yet,2026-05-06,00:14:52,-07:00,2026-05-06T00:14:52-07:00,0,0
meta/index.html,22,html,00000000,Not Committed Yet,2026-05-06,00:14:52,-07:00,2026-05-06T00:14:52-07:00,1,14
meta/index.html,23,html,00000000,Not Committed Yet,2026-05-06,00:14:52,-07:00,2026-05-06T00:14:52-07:00,1,38
meta/index.html,24,html,00000000,Not Committed Yet,2026-05-06,00:14:52,-07:00,2026-05-06T00:14:52-07:00,2,13
meta/index.html,25,html,00000000,Not Committed Yet,2026-05-06,00:14:52,-07:00,2026-05-06T00:14:52-07:00,2,24
meta/index.html,26,html,00000000,Not Committed Yet,2026-05-06,00:14:52,-07:00,2026-05-06T00:14:52-07:00,0,0
meta/index.html,27,html,00000000,Not Committed Yet,2026-05-06,00:14:52,-07:00,2026-05-06T00:14:52-07:00,2,11
meta/index.html,28,html,00000000,Not Committed Yet,2026-05-06,00:14:52,-07:00,2026-05-06T00:14:52-07:00,2,24
meta/index.html,29,html,00000000,Not Committed Yet,2026-05-06,00:14:52,-07:00,2026-05-06T00:14:52-07:00,0,0
meta/index.html,30,html,00000000,Not Committed Yet,2026-05-06,00:14:52,-07:00,2026-05-06T00:14:52-07:00,2,11
meta/index.html,31,html,00000000,Not Committed Yet,2026-05-06,00:14:52,-07:00,2026-05-06T00:14:52-07:00,2,24
meta/index.html,32,html,00000000,Not Committed Yet,2026-05-06,00:14:52,-07:00,2026-05-06T00:14:52-07:00,0,0
meta/index.html,33,html,00000000,Not Committed Yet,2026-05-06,00:14:52,-07:00,2026-05-06T00:14:52-07:00,2,13
meta/index.html,34,html,00000000,Not Committed Yet,2026-05-06,00:14:52,-07:00,2026-05-06T00:14:52-07:00,2,26
meta/index.html,35,html,00000000,Not Committed Yet,2026-05-06,00:14:52,-07:00,2026-05-06T00:14:52-07:00,0,0
meta/index.html,36,html,00000000,Not Committed Yet,2026-05-06,00:14:52,-07:00,2026-05-06T00:14:52-07:00,2,20
meta/index.html,37,html,00000000,Not Committed Yet,2026-05-06,00:14:52,-07:00,2026-05-06T00:14:52-07:00,2,25
meta/index.html,38,html,00000000,Not Committed Yet,2026-05-06,00:14:52,-07:00,2026-05-06T00:14:52-07:00,1,3
meta/index.html,39,html,00000000,Not Committed Yet,2026-05-06,00:14:52,-07:00,2026-05-06T00:14:52-07:00,0,0
meta/index.html,40,html,94eb4e8d,Jazely Tong,2026-05-04,22:53:32,-07:00,2026-05-04T22:53:32-07:00,0,5
meta/index.html,41,html,94eb4e8d,Jazely Tong,2026-05-04,22:53:32,-07:00,2026-05-04T22:53:32-07:00,0,5
contact/index.html,1,html,bdf82b3e,Jazely Tong,2026-04-03,10:43:35,-07:00,2026-04-03T10:43:35-07:00,0,13
contact/index.html,2,html,bdf82b3e,Jazely Tong,2026-04-03,10:43:35,-07:00,2026-04-03T10:43:35-07:00,0,14
contact/index.html,3,html,bdf82b3e,Jazely Tong,2026-04-03,10:43:35,-07:00,2026-04-03T10:43:35-07:00,0,4
contact/index.html,4,html,bdf82b3e,Jazely Tong,2026-04-03,10:43:35,-07:00,2026-04-03T10:43:35-07:00,2,20
contact/index.html,5,html,bdf82b3e,Jazely Tong,2026-04-03,10:43:35,-07:00,2026-04-03T10:43:35-07:00,2,68
contact/index.html,6,html,bdf82b3e,Jazely Tong,2026-04-03,10:43:35,-07:00,2026-04-03T10:43:35-07:00,2,20
contact/index.html,7,html,bdf82b3e,Jazely Tong,2026-04-03,10:43:35,-07:00,2026-04-03T10:43:35-07:00,2,41
contact/index.html,8,html,0938b5dc,Jazely Tong,2026-04-17,12:56:16,-07:00,2026-04-17T12:56:16-07:00,2,48
contact/index.html,9,html,bdf82b3e,Jazely Tong,2026-04-03,10:43:35,-07:00,2026-04-03T10:43:35-07:00,0,5
contact/index.html,10,html,bdf82b3e,Jazely Tong,2026-04-03,10:43:35,-07:00,2026-04-03T10:43:35-07:00,0,4
contact/index.html,11,html,bdf82b3e,Jazely Tong,2026-04-03,10:43:35,-07:00,2026-04-03T10:43:35-07:00,2,14
contact/index.html,12,html,bdf82b3e,Jazely Tong,2026-04-03,10:43:35,-07:00,2026-04-03T10:43:35-07:00,2,0
contact/index.html,13,html,0938b5dc,Jazely Tong,2026-04-17,12:56:16,-07:00,2026-04-17T12:56:16-07:00,2,36
contact/index.html,14,html,bdf82b3e,Jazely Tong,2026-04-03,10:43:35,-07:00,2026-04-03T10:43:35-07:00,4,5
contact/index.html,15,html,4995cd72,Jazely Tong,2026-04-03,13:10:26,-07:00,2026-04-03T13:10:26-07:00,6,4
contact/index.html,16,html,56321702,Jazely Tong,2026-04-03,15:09:40,-07:00,2026-04-03T15:09:40-07:00,6,57
contact/index.html,17,html,bdf82b3e,Jazely Tong,2026-04-03,10:43:35,-07:00,2026-04-03T10:43:35-07:00,4,6
contact/index.html,18,html,bdf82b3e,Jazely Tong,2026-04-03,10:43:35,-07:00,2026-04-03T10:43:35-07:00,0,0
contact/index.html,19,html,bdf82b3e,Jazely Tong,2026-04-03,10:43:35,-07:00,2026-04-03T10:43:35-07:00,4,5
contact/index.html,20,html,bdf82b3e,Jazely Tong,2026-04-03,10:43:35,-07:00,2026-04-03T10:43:35-07:00,6,6
contact/index.html,21,html,56321702,Jazely Tong,2026-04-03,15:09:40,-07:00,2026-04-03T15:09:40-07:00,6,34
contact/index.html,22,html,bdf82b3e,Jazely Tong,2026-04-03,10:43:35,-07:00,2026-04-03T10:43:35-07:00,4,6
contact/index.html,23,html,bdf82b3e,Jazely Tong,2026-04-03,10:43:35,-07:00,2026-04-03T10:43:35-07:00,0,0
contact/index.html,24,html,bdf82b3e,Jazely Tong,2026-04-03,10:43:35,-07:00,2026-04-03T10:43:35-07:00,4,5
contact/index.html,25,html,4995cd72,Jazely Tong,2026-04-03,13:10:26,-07:00,2026-04-03T13:10:26-07:00,6,3
contact/index.html,26,html,56321702,Jazely Tong,2026-04-03,15:09:40,-07:00,2026-04-03T15:09:40-07:00,6,57
contact/index.html,27,html,bdf82b3e,Jazely Tong,2026-04-03,10:43:35,-07:00,2026-04-03T10:43:35-07:00,4,6
contact/index.html,28,html,bdf82b3e,Jazely Tong,2026-04-03,10:43:35,-07:00,2026-04-03T10:43:35-07:00,0,0
contact/index.html,29,html,98b8f0a4,Jazely Tong,2026-04-03,12:36:57,-07:00,2026-04-03T12:36:57-07:00,4,21
contact/index.html,30,html,bdf82b3e,Jazely Tong,2026-04-03,10:43:35,-07:00,2026-04-03T10:43:35-07:00,2,5
contact/index.html,31,html,bdf82b3e,Jazely Tong,2026-04-03,10:43:35,-07:00,2026-04-03T10:43:35-07:00,0,5
contact/index.html,32,html,bdf82b3e,Jazely Tong,2026-04-03,10:43:35,-07:00,2026-04-03T10:43:35-07:00,0,5
